"2Theta","J_0_AD_","J_0_GL_","J_0_HT_"
4.00336514,467,484,565
4.016495422677854,476,451,480
4.029625705355709,430,482,479
4.042755988033564,463,457,468
4.055886270711419,465,463,559
4.0690165533892735,457,482,538
4.082146836067128,497,483,494
4.095277118744983,434,448,536
4.108407401422838,461,434,495
4.1215376841006925,488,443,500
4.134667966778547,450,445,508
4.147798249456402,445,455,477
4.160928532134257,481,460,501
4.174058814812112,413,496,462
4.187189097489966,465,495,477
4.200319380167822,482,477,459
4.213449662845677,443,448,506
4.2265799455235316,436,421,509
4.239710228201386,482,425,479
4.252840510879241,476,446,473
4.265970793557096,500,434,509
4.279101076234951,469,455,530
4.292231358912805,419,438,498
4.30536164159066,455,480,497
4.318491924268515,452,424,456
4.33162220694637,446,475,484
4.3447524896242244,459,484,514
4.357882772302079,483,459,483
4.371013054979934,462,465,468
4.384143337657789,451,455,469
4.3972736203356435,476,463,528
4.410403903013498,440,458,448
4.423534185691353,446,442,473
4.436664468369208,459,470,483
4.449794751047063,466,504,522
4.462925033724917,486,474,483
4.476055316402772,448,436,518
4.489185599080627,456,476,496
4.502315881758482,452,460,484
4.515446164436336,492,486,479
4.528576447114191,474,472,492
4.541706729792047,508,475,473
4.554837012469902,469,470,504
4.567967295147756,492,465,483
4.581097577825611,496,492,488
4.594227860503466,468,486,477
4.607358143181321,465,481,466
4.620488425859175,483,458,464
4.63361870853703,460,468,507
4.646748991214885,468,481,497
4.65987927389274,497,463,512
4.6730095565705945,479,505,477
4.686139839248449,513,446,448
4.699270121926304,513,501,479
4.712400404604159,515,467,511
4.7255306872820135,510,469,472
4.738660969959868,504,490,494
4.751791252637723,495,477,469
4.764921535315578,485,456,480
4.778051817993433,493,456,516
4.791182100671287,523,462,460
4.804312383349142,517,501,461
4.817442666026997,537,509,460
4.830572948704852,496,448,480
4.843703231382706,532,492,433
4.856833514060561,508,501,461
4.869963796738416,555,507,446
4.883094079416271,495,492,479
4.8962243620941255,487,469,421
4.90935464477198,529,509,460
4.922484927449835,544,530,470
4.93561521012769,500,526,451
4.9487454928055445,538,539,464
4.9618757754834,502,476,516
4.975006058161255,554,523,432
4.98813634083911,527,494,497
5.0012666235169645,550,485,462
5.014396906194819,582,498,441
5.027527188872674,557,520,442
5.040657471550529,547,505,455
5.0537877542283836,595,518,464
5.066918036906238,536,518,453
5.080048319584093,542,520,466
5.093178602261948,572,536,456
5.106308884939803,532,510,437
5.119439167617657,539,512,486
5.132569450295512,566,568,467
5.145699732973367,550,553,483
5.158830015651222,555,566,497
5.1719602983290764,574,540,458
5.185090581006931,567,511,457
5.198220863684786,594,490,427
5.211351146362641,554,543,488
5.2244814290404955,563,588,484
5.23761171171835,589,495,472
5.250741994396205,602,497,502
5.263872277074061,545,529,481
5.2770025597519155,593,553,462
5.29013284242977,590,511,484
5.303263125107625,608,529,420
5.31639340778548,617,529,427
5.3295236904633345,579,538,448
5.342653973141189,566,520,487
5.355784255819044,587,535,431
5.368914538496899,574,583,441
5.382044821174754,563,579,485
5.395175103852608,569,536,416
5.408305386530463,642,552,460
5.421435669208318,620,573,444
5.434565951886173,608,502,467
5.447696234564027,569,535,471
5.460826517241882,566,537,461
5.473956799919737,591,600,492
5.487087082597592,598,548,469
5.5002173652754465,605,564,430
5.513347647953301,554,547,436
5.526477930631156,615,516,400
5.539608213309011,591,573,453
5.5527384959868655,591,587,449
5.56586877866472,625,544,462
5.578999061342575,628,537,440
5.59212934402043,649,590,461
5.605259626698285,634,592,403
5.618389909376139,598,585,441
5.631520192053994,595,578,417
5.644650474731849,598,553,521
5.657780757409704,636,633,436
5.670911040087558,594,564,387
5.684041322765413,666,537,415
5.697171605443268,614,634,464
5.710301888121123,635,622,448
5.7234321707989775,633,644,463
5.736562453476833,609,604,446
5.749692736154688,615,581,392
5.762823018832543,648,575,475
5.775953301510397,655,577,439
5.789083584188252,657,594,477
5.802213866866107,640,634,433
5.815344149543962,650,602,455
5.8284744322218165,656,580,449
5.841604714899671,622,565,462
5.854734997577526,686,605,461
5.867865280255381,674,595,428
5.8809955629332356,655,644,467
5.89412584561109,702,596,452
5.907256128288945,668,632,467
5.9203864109668,657,611,459
5.933516693644655,647,622,416
5.946646976322509,629,597,447
5.959777259000364,689,669,482
5.972907541678219,635,620,441
5.986037824356074,697,631,426
5.9991681070339284,719,658,440
6.012298389711784,717,645,408
6.025428672389639,678,642,460
6.038558955067494,727,649,446
6.051689237745348,690,675,449
6.064819520423203,692,645,429
6.077949803101058,699,684,427
6.091080085778913,707,635,408
6.1042103684567675,687,624,463
6.117340651134622,724,627,453
6.130470933812477,753,688,462
6.143601216490332,681,636,442
6.1567314991681865,730,646,482
6.169861781846041,722,635,463
6.182992064523896,732,681,467
6.196122347201751,732,612,445
6.209252629879606,762,682,444
6.22238291255746,743,634,482
6.235513195235315,718,662,453
6.24864347791317,720,647,460
6.261773760591025,790,660,442
6.274904043268879,752,666,439
6.288034325946734,779,684,385
6.301164608624589,734,661,399
6.314294891302444,746,695,404
6.3274251739802985,785,717,438
6.340555456658153,795,716,456
6.353685739336008,749,693,412
6.366816022013863,749,721,454
6.3799463046917175,775,762,445
6.393076587369572,760,724,402
6.406206870047427,794,696,428
6.419337152725282,753,686,424
6.432467435403137,787,696,470
6.445597718080991,780,747,414
6.458728000758846,815,722,447
6.471858283436701,759,661,415
6.484988566114556,787,707,416
6.49811884879241,803,740,413
6.511249131470265,803,769,412
6.524379414148121,773,743,401
6.537509696825976,832,691,435
6.55063997950383,800,722,348
6.563770262181685,803,682,449
6.57690054485954,896,734,443
6.590030827537395,822,694,411
6.603161110215249,827,715,466
6.616291392893104,841,762,410
6.629421675570959,857,715,405
6.642551958248814,876,719,452
6.6556822409266685,857,712,467
6.668812523604523,801,717,416
6.681942806282378,848,733,437
6.695073088960233,775,703,410
6.7082033716380876,823,714,454
6.721333654315943,886,679,409
6.734463936993798,815,700,402
6.747594219671653,865,765,420
6.7607245023495075,874,685,418
6.773854785027362,812,705,446
6.786985067705217,861,720,425
6.800115350383072,921,718,390
6.813245633060927,906,699,397
6.826375915738781,847,728,446
6.839506198416636,905,762,407
6.852636481094491,907,677,456
6.865766763772346,958,715,451
6.8788970464502,940,667,405
6.892027329128055,919,762,410
6.90515761180591,894,660,406
6.918287894483765,926,709,397
6.9314181771616195,867,696,407
6.944548459839474,964,744,406
6.957678742517329,910,704,426
6.970809025195184,921,783,496
6.9839393078730385,894,690,431
6.997069590550893,921,711,397
7.010199873228748,984,711,425
7.023330155906603,947,701,429
7.036460438584458,975,679,420
7.049590721262312,972,700,391
7.062721003940167,965,689,430
7.075851286618022,1017,714,408
7.088981569295877,960,755,451
7.102111851973731,1023,702,407
7.115242134651586,994,710,390
7.128372417329441,967,705,394
7.141502700007296,997,698,426
7.1546329826851505,953,692,401
7.167763265363005,996,667,429
7.18089354804086,967,692,440
7.194023830718715,992,719,417
7.2071541133965695,1018,682,376
7.220284396074424,1047,704,427
7.233414678752279,1002,680,425
7.246544961430134,1012,763,419
7.259675244107989,1050,665,433
7.272805526785844,1048,662,409
7.285935809463699,1028,673,427
7.299066092141554,1088,742,396
7.3121963748194085,1043,700,420
7.325326657497263,1002,670,417
7.338456940175118,1104,723,418
7.351587222852973,1084,671,403
7.364717505530828,1018,675,424
7.377847788208682,1027,663,485
7.390978070886537,1009,647,452
7.404108353564392,1028,697,393
7.417238636242247,1078,673,427
7.430368918920101,1022,618,438
7.443499201597956,1038,698,391
7.456629484275811,1032,666,418
7.469759766953667,1076,649,402
7.482890049631521,992,675,431
7.496020332309376,1085,618,403
7.509150614987231,1037,687,407
7.522280897665086,1073,687,430
7.53541118034294,1053,690,430
7.548541463020795,1018,698,432
7.56167174569865,1076,657,415
7.574802028376505,1038,642,435
7.5879323110543595,1103,622,411
7.601062593732214,1027,652,389
7.614192876410069,1110,602,435
7.627323159087924,1040,683,367
7.640453441765779,1000,637,381
7.653583724443633,1126,698,428
7.666714007121488,1103,663,417
7.679844289799343,1041,661,449
7.692974572477198,1117,672,418
7.706104855155052,1057,646,446
7.719235137832907,1092,663,421
7.732365420510762,1038,608,380
7.745495703188617,1057,664,400
7.7586259858664715,1076,633,426
7.771756268544326,1038,656,422
7.784886551222181,1057,657,417
7.798016833900036,1074,672,467
7.8111471165778905,1106,629,417
7.824277399255745,1025,639,433
7.8374076819336,1094,644,375
7.850537964611455,1066,653,452
7.86366824728931,1013,664,417
7.876798529967164,1070,625,442
7.889928812645019,1081,674,412
7.903059095322874,1028,652,431
7.916189378000729,1039,659,433
7.929319660678583,1074,658,410
7.942449943356438,1044,709,407
7.955580226034293,1043,625,413
7.968710508712148,1119,659,396
7.9818407913900025,1057,642,424
7.994971074067857,1090,674,432
8.008101356745712,1090,642,403
8.021231639423569,1080,683,408
8.034361922101422,1105,680,399
8.047492204779278,1083,635,425
8.060622487457131,1037,645,415
8.073752770134988,1043,654,434
8.08688305281284,1083,630,401
8.100013335490697,1094,670,426
8.11314361816855,1093,643,399
8.126273900846407,1120,650,400
8.13940418352426,1006,652,420
8.152534466202116,1024,642,426
8.16566474887997,1049,662,439
8.178795031557826,1007,661,409
8.191925314235679,1021,672,416
8.205055596913535,1070,640,414
8.218185879591388,1032,677,421
8.231316162269245,1029,641,441
8.244446444947098,998,711,447
8.257576727624954,1064,637,430
8.270707010302807,1001,664,479
8.283837292980664,1004,629,482
8.296967575658517,1017,714,434
8.310097858336373,1054,644,431
8.323228141014228,975,668,454
8.336358423692083,994,664,446
8.349488706369938,950,683,459
8.362618989047792,971,631,441
8.375749271725647,968,635,453
8.388879554403502,943,677,473
8.402009837081357,1005,639,508
8.4151401197592115,979,696,436
8.428270402437066,938,668,422
8.441400685114921,972,652,443
8.454530967792776,908,678,496
8.46766125047063,939,709,467
8.480791533148485,936,660,511
8.49392181582634,924,671,471
8.507052098504195,907,683,477
8.52018238118205,915,687,495
8.533312663859904,912,665,486
8.54644294653776,955,697,513
8.559573229215614,906,668,491
8.572703511893469,934,668,498
8.585833794571323,852,683,525
8.598964077249178,916,707,512
8.612094359927033,868,657,519
8.625224642604888,888,652,498
8.638354925282743,902,653,484
8.651485207960597,890,705,468
8.664615490638452,891,731,494
8.677745773316307,821,684,519
8.690876055994163,872,722,502
8.704006338672016,860,703,452
8.717136621349873,872,708,446
8.730266904027726,833,725,494
8.743397186705582,837,728,449
8.756527469383435,903,763,496
8.769657752061292,907,707,475
8.782788034739145,917,774,447
8.795918317417001,968,761,450
8.809048600094854,901,779,445
8.822178882772711,820,724,460
8.835309165450564,802,719,414
8.84843944812842,780,712,436
8.861569730806274,778,720,452
8.87470001348413,756,667,402
8.887830296161983,689,677,400
8.90096057883984,717,687,414
8.914090861517693,736,701,434
8.92722114419555,723,671,399
8.940351426873402,680,699,382
8.953481709551259,661,660,423
8.966611992229112,714,684,415
8.979742274906968,690,687,450
8.992872557584821,657,638,396
9.006002840262678,639,717,395
9.01913312294053,653,652,386
9.032263405618387,658,727,400
9.045393688296242,652,693,361
9.058523970974097,634,686,372
9.071654253651952,618,683,404
9.084784536329806,610,705,433
9.097914819007661,611,677,405
9.111045101685516,606,677,415
9.12417538436337,593,657,416
9.137305667041225,616,688,422
9.15043594971908,601,698,368
9.163566232396935,640,615,402
9.17669651507479,576,652,374
9.189826797752644,568,658,382
9.2029570804305,546,630,396
9.216087363108354,531,692,346
9.229217645786209,596,637,343
9.2423479284640635,558,685,408
9.255478211141918,594,696,388
9.268608493819773,552,649,393
9.281738776497628,568,634,357
9.294869059175483,581,657,362
9.307999341853337,552,683,379
9.321129624531192,564,650,377
9.334259907209047,535,673,390
9.347390189886902,572,638,413
9.360520472564756,512,689,401
9.373650755242611,521,660,382
9.386781037920466,549,687,339
9.39991132059832,486,646,349
9.413041603276175,488,679,349
9.42617188595403,552,669,356
9.439302168631887,522,657,343
9.45243245130974,495,697,354
9.465562733987596,516,641,370
9.47869301666545,495,677,365
9.491823299343306,519,670,373
9.504953582021159,491,692,346
9.518083864699015,500,686,371
9.531214147376868,489,648,371
9.544344430054725,487,691,389
9.557474712732578,482,649,373
9.570604995410434,488,659,354
9.583735278088287,510,655,323
9.596865560766144,485,679,353
9.609995843443997,529,739,338
9.623126126121853,503,687,365
9.636256408799706,471,625,352
9.649386691477563,479,638,372
9.662516974155416,478,633,341
9.675647256833273,476,633,367
9.688777539511126,525,579,355
9.701907822188982,457,636,355
9.715038104866835,481,614,358
9.728168387544692,498,601,376
9.741298670222545,445,656,353
9.754428952900401,422,609,327
9.767559235578254,457,576,346
9.78068951825611,432,602,343
9.793819800933965,454,630,397
9.80695008361182,453,607,350
9.820080366289675,461,598,380
9.83321064896753,442,578,386
9.846340931645384,438,662,361
9.85947121432324,432,585,371
9.872601497001094,434,561,353
9.885731779678949,466,598,361
9.898862062356804,440,576,361
9.911992345034658,467,597,357
9.925122627712513,456,606,364
9.938252910390368,381,579,373
9.951383193068223,446,612,339
9.964513475746077,462,542,354
9.977643758423932,472,623,355
9.990774041101787,424,595,376
10.003904323779642,443,538,337
10.017034606457496,418,592,341
10.030164889135351,432,546,375
10.043295171813206,437,569,362
10.05642545449106,470,576,361
10.069555737168915,449,579,361
10.08268601984677,441,548,351
10.095816302524625,426,563,359
10.10894658520248,428,579,355
10.122076867880335,443,572,362
10.13520715055819,441,567,344
10.148337433236044,433,565,361
10.161467715913899,435,551,373
10.174597998591754,395,540,341
10.18772828126961,429,519,332
10.200858563947463,421,582,338
10.21398884662532,410,526,369
10.227119129303173,424,533,363
10.24024941198103,425,554,362
10.253379694658882,438,585,334
10.266509977336739,424,551,343
10.279640260014592,412,548,340
10.292770542692448,420,563,353
10.305900825370301,365,521,328
10.319031108048158,439,539,348
10.33216139072601,447,575,335
10.345291673403867,420,530,322
10.35842195608172,408,499,346
10.371552238759577,414,520,354
10.38468252143743,388,557,339
10.397812804115286,446,564,376
10.41094308679314,422,547,337
10.424073369470996,383,502,361
10.437203652148849,466,546,341
10.450333934826705,404,522,332
10.463464217504558,423,523,337
10.476594500182415,424,530,359
10.489724782860268,429,548,314
10.502855065538125,411,545,339
10.515985348215978,419,520,358
10.529115630893834,371,502,352
10.542245913571689,398,542,334
10.555376196249544,423,564,329
10.568506478927398,451,510,312
10.581636761605253,380,541,328
10.594767044283108,393,539,341
10.607897326960963,417,517,342
10.621027609638817,410,515,370
10.634157892316672,376,515,364
10.647288174994527,402,535,354
10.660418457672382,406,503,333
10.673548740350236,395,502,337
10.686679023028091,387,529,335
10.699809305705946,406,545,295
10.7129395883838,401,509,360
10.726069871061656,420,521,330
10.73920015373951,390,486,342
10.752330436417365,374,481,317
10.76546071909522,385,503,368
10.778591001773075,388,533,342
10.79172128445093,404,513,349
10.804851567128784,382,479,310
10.817981849806639,410,528,341
10.831112132484494,438,527,338
10.844242415162348,395,499,364
10.857372697840203,394,499,361
10.870502980518058,381,522,342
10.883633263195913,410,518,339
10.896763545873767,413,507,340
10.909893828551622,395,551,305
10.923024111229477,372,503,320
10.936154393907334,394,515,323
10.949284676585187,401,539,343
10.962414959263043,382,519,352
10.975545241940896,387,538,317
10.988675524618753,420,559,332
11.001805807296606,375,532,322
11.014936089974462,413,540,344
11.028066372652315,393,559,312
11.041196655330172,408,537,336
11.054326938008025,423,553,350
11.067457220685881,354,522,306
11.080587503363734,395,501,328
11.09371778604159,403,532,352
11.106848068719444,384,503,349
11.1199783513973,356,529,328
11.133108634075153,431,557,350
11.14623891675301,382,485,309
11.159369199430863,415,496,350
11.17249948210872,424,504,315
11.185629764786572,445,522,348
11.198760047464429,401,510,353
11.211890330142282,403,535,355
11.225020612820138,430,514,345
11.238150895497991,422,510,336
11.251281178175848,423,509,339
11.264411460853701,431,538,316
11.277541743531557,422,521,342
11.290672026209412,442,497,353
11.303802308887267,458,517,343
11.316932591565122,505,550,333
11.330062874242977,490,487,350
11.343193156920831,464,483,345
11.356323439598686,528,524,321
11.36945372227654,495,553,338
11.382584004954396,534,560,317
11.39571428763225,536,539,320
11.408844570310105,659,459,331
11.42197485298796,609,499,336
11.435105135665815,635,510,337
11.44823541834367,648,523,361
11.461365701021524,728,494,320
11.474495983699379,721,523,305
11.487626266377234,840,532,328
11.500756549055088,885,564,348
11.513886831732943,1011,485,332
11.527017114410798,999,507,324
11.540147397088653,1065,537,327
11.553277679766508,1058,562,354
11.566407962444362,981,536,313
11.579538245122217,899,525,325
11.592668527800072,759,502,326
11.605798810477927,679,572,323
11.618929093155781,549,555,309
11.632059375833636,549,540,338
11.645189658511491,526,529,319
11.658319941189346,487,518,311
11.6714502238672,471,509,325
11.684580506545057,473,518,336
11.69771078922291,492,524,344
11.710841071900767,422,516,314
11.72397135457862,425,504,329
11.737101637256476,453,513,319
11.750231919934329,431,498,337
11.763362202612186,400,508,354
11.776492485290039,460,572,341
11.789622767967895,395,530,311
11.802753050645748,423,567,331
11.815883333323605,393,521,349
11.829013616001458,444,549,311
11.842143898679314,462,554,324
11.855274181357167,472,521,339
11.868404464035024,452,590,348
11.881534746712877,471,523,335
11.894665029390733,470,609,336
11.907795312068586,482,561,320
11.920925594746443,486,582,309
11.934055877424296,507,608,334
11.947186160102152,539,623,355
11.960316442780005,558,647,360
11.973446725457862,532,669,375
11.986577008135715,618,633,354
11.999707290813571,666,703,386
12.012837573491426,701,678,386
12.02596785616928,747,685,397
12.039098138847136,801,747,394
12.05222842152499,896,775,405
12.065358704202845,884,778,405
12.0784889868807,1060,919,362
12.091619269558555,1082,877,369
12.10474955223641,1249,973,374
12.117879834914264,1420,1126,365
12.131010117592119,1536,1241,344
12.144140400269974,1788,1299,320
12.157270682947829,2091,1467,337
12.170400965625683,2394,1688,325
12.183531248303538,2846,1843,349
12.196661530981393,3383,2100,315
12.209791813659248,4086,2484,321
12.222922096337102,5053,2928,325
12.236052379014957,6154,3674,321
12.249182661692812,7988,4612,313
12.262312944370667,10164,5978,329
12.275443227048521,12282,7112,325
12.288573509726376,12518,7508,350
12.301703792404231,10707,6502,336
12.314834075082086,8188,5214,305
12.32796435775994,5794,3599,334
12.341094640437795,3627,2362,319
12.35422492311565,2161,1536,324
12.367355205793505,1596,1092,329
12.38048548847136,1154,907,290
12.393615771149214,996,826,344
12.406746053827069,891,804,291
12.419876336504924,751,730,301
12.433006619182779,702,677,322
12.446136901860633,651,659,338
12.459267184538488,604,670,299
12.472397467216343,542,642,292
12.485527749894198,532,648,333
12.498658032572052,506,582,317
12.511788315249907,523,565,335
12.524918597927762,471,547,322
12.538048880605617,432,551,344
12.551179163283471,459,570,297
12.564309445961326,440,589,325
12.577439728639181,463,552,312
12.590570011317036,390,575,323
12.603700293994892,406,512,317
12.616830576672747,404,530,308
12.629960859350602,381,515,330
12.643091142028457,406,540,305
12.656221424706311,383,517,298
12.669351707384166,391,516,321
12.682481990062021,367,527,326
12.695612272739876,382,546,347
12.70874255541773,376,494,302
12.721872838095585,374,521,351
12.73500312077344,358,502,314
12.748133403451295,365,530,336
12.76126368612915,370,498,329
12.774393968807004,315,551,340
12.787524251484859,375,561,324
12.800654534162714,353,554,322
12.813784816840569,349,496,321
12.826915099518423,380,540,332
12.840045382196278,349,500,290
12.853175664874133,360,490,337
12.866305947551988,364,534,307
12.879436230229842,347,534,318
12.892566512907697,347,483,331
12.905696795585552,341,559,343
12.918827078263407,316,497,307
12.931957360941261,315,497,314
12.945087643619116,342,554,322
12.958217926296971,364,504,314
12.971348208974826,397,485,301
12.98447849165268,338,526,291
12.997608774330535,349,486,355
13.01073905700839,351,534,331
13.023869339686245,364,519,350
13.0369996223641,342,537,302
13.050129905041954,359,538,324
13.06326018771981,381,470,356
13.076390470397664,375,513,356
13.089520753075519,336,538,344
13.102651035753373,358,519,324
13.115781318431228,340,552,307
13.128911601109083,390,499,338
13.142041883786938,351,535,320
13.155172166464792,411,537,355
13.168302449142647,393,525,323
13.181432731820502,429,559,273
13.194563014498357,463,528,333
13.207693297176212,403,566,327
13.220823579854066,453,542,306
13.233953862531921,418,539,295
13.247084145209776,395,525,307
13.26021442788763,396,560,276
13.273344710565485,353,601,351
13.28647499324334,368,499,325
13.299605275921195,384,481,310
13.31273555859905,328,511,298
13.325865841276904,339,547,340
13.33899612395476,294,558,334
13.352126406632616,370,532,343
13.36525668931047,358,484,273
13.378386971988325,343,478,316
13.39151725466618,317,508,344
13.404647537344035,328,474,303
13.41777782002189,323,483,298
13.430908102699744,364,507,316
13.444038385377599,365,503,310
13.457168668055454,332,509,288
13.470298950733309,363,501,324
13.483429233411163,345,488,280
13.496559516089018,375,531,288
13.509689798766873,363,541,320
13.522820081444728,381,503,339
13.535950364122582,362,519,284
13.549080646800437,361,505,314
13.562210929478292,340,539,326
13.575341212156147,323,505,321
13.588471494834002,336,496,269
13.601601777511856,330,464,307
13.614732060189711,358,508,304
13.627862342867566,338,499,320
13.64099262554542,335,509,296
13.654122908223275,346,535,307
13.66725319090113,343,503,288
13.680383473578985,303,533,297
13.69351375625684,311,512,299
13.706644038934694,317,467,324
13.71977432161255,302,483,311
13.732904604290404,292,479,296
13.746034886968259,285,524,310
13.759165169646113,291,491,336
13.772295452323968,320,454,302
13.785425735001823,282,481,268
13.798556017679678,304,545,309
13.811686300357533,316,524,285
13.824816583035387,310,469,285
13.837946865713242,332,466,316
13.851077148391097,327,487,277
13.864207431068952,331,485,296
13.877337713746806,311,516,317
13.890467996424661,317,443,293
13.903598279102516,295,480,308
13.91672856178037,311,484,295
13.929858844458225,299,529,301
13.94298912713608,280,478,291
13.956119409813935,288,516,340
13.96924969249179,300,502,306
13.982379975169644,298,507,298
13.9955102578475,320,474,318
14.008640540525354,295,483,308
14.021770823203209,322,495,299
14.034901105881064,297,479,295
14.048031388558918,288,467,297
14.061161671236773,314,458,293
14.074291953914628,306,472,309
14.087422236592484,314,467,324
14.10055251927034,269,474,293
14.113682801948194,308,488,301
14.126813084626049,316,465,315
14.139943367303903,272,510,339
14.153073649981758,271,507,319
14.166203932659613,312,494,301
14.179334215337468,278,497,315
14.192464498015323,295,472,291
14.205594780693177,318,510,318
14.218725063371032,276,486,300
14.231855346048887,326,479,303
14.244985628726742,270,502,326
14.258115911404596,302,496,288
14.271246194082451,316,490,299
14.284376476760306,331,490,321
14.29750675943816,283,505,282
14.310637042116015,297,480,271
14.32376732479387,286,484,304
14.336897607471725,289,470,299
14.35002789014958,304,503,330
14.363158172827434,302,508,307
14.37628845550529,278,514,301
14.389418738183144,284,460,331
14.402549020860999,289,493,318
14.415679303538854,293,515,286
14.428809586216708,282,511,296
14.441939868894563,297,501,311
14.455070151572418,278,534,287
14.468200434250273,276,551,306
14.481330716928127,286,508,315
14.494460999605982,301,530,280
14.507591282283837,291,522,291
14.520721564961692,279,517,319
14.533851847639546,261,571,297
14.546982130317401,273,576,286
14.560112412995256,312,589,301
14.57324269567311,292,569,307
14.586372978350965,306,585,298
14.59950326102882,292,573,300
14.612633543706675,301,623,241
14.62576382638453,280,587,307
14.638894109062385,312,592,287
14.65202439174024,294,622,298
14.665154674418094,278,590,279
14.678284957095949,313,530,314
14.691415239773804,297,515,286
14.704545522451658,287,511,308
14.717675805129513,272,483,283
14.730806087807368,299,544,321
14.743936370485223,287,527,296
14.757066653163077,304,536,269
14.770196935840932,310,514,342
14.783327218518787,293,488,308
14.796457501196642,300,518,282
14.809587783874496,275,495,295
14.822718066552351,324,518,296
14.835848349230208,292,545,300
14.848978631908063,300,505,282
14.862108914585917,285,499,314
14.875239197263772,304,445,279
14.888369479941627,299,516,311
14.901499762619482,318,519,291
14.914630045297336,304,528,297
14.927760327975191,267,498,275
14.940890610653046,309,534,308
14.9540208933309,295,517,297
14.967151176008755,287,467,293
14.98028145868661,312,475,310
14.993411741364465,297,526,274
15.00654202404232,296,485,288
15.019672306720175,319,480,305
15.03280258939803,267,516,302
15.045932872075884,292,490,302
15.059063154753739,277,523,274
15.072193437431594,304,501,301
15.085323720109448,259,474,276
15.098454002787303,267,497,328
15.111584285465158,299,496,274
15.124714568143013,293,494,312
15.137844850820867,284,511,281
15.150975133498722,289,494,272
15.164105416176577,278,454,286
15.177235698854432,271,516,295
15.190365981532286,287,486,265
15.203496264210141,291,511,298
15.216626546887996,268,498,297
15.22975682956585,263,491,282
15.242887112243706,275,482,297
15.25601739492156,290,478,317
15.269147677599415,285,530,285
15.28227796027727,284,497,295
15.295408242955125,294,522,308
15.30853852563298,296,470,292
15.321668808310834,287,504,306
15.334799090988689,317,517,290
15.347929373666544,262,519,271
15.361059656344398,279,480,312
15.374189939022253,293,488,295
15.387320221700108,284,501,295
15.400450504377963,264,482,290
15.413580787055817,268,498,301
15.426711069733672,270,507,297
15.439841352411527,259,538,337
15.452971635089382,298,489,306
15.466101917767237,269,509,265
15.479232200445091,296,482,278
15.492362483122946,265,489,277
15.5054927658008,283,482,321
15.518623048478656,286,506,290
15.53175333115651,316,506,304
15.544883613834365,330,511,319
15.55801389651222,272,482,285
15.571144179190075,241,517,283
15.584274461867931,301,492,309
15.597404744545786,262,475,308
15.61053502722364,284,488,308
15.623665309901495,263,479,314
15.63679559257935,258,497,298
15.649925875257205,294,494,274
15.66305615793506,293,520,261
15.676186440612915,285,508,302
15.68931672329077,268,529,303
15.702447005968624,286,511,287
15.715577288646479,302,498,296
15.728707571324334,297,478,301
15.741837854002188,271,540,282
15.754968136680043,270,488,330
15.768098419357898,280,547,276
15.781228702035753,242,530,293
15.794358984713607,291,500,313
15.807489267391462,275,486,305
15.820619550069317,239,534,296
15.833749832747172,277,560,318
15.846880115425027,288,545,291
15.860010398102881,262,492,305
15.873140680780736,259,464,291
15.88627096345859,282,520,316
15.899401246136446,285,491,256
15.9125315288143,308,499,314
15.925661811492155,299,498,289
15.93879209417001,291,555,288
15.951922376847865,263,537,289
15.96505265952572,290,510,295
15.978182942203574,279,520,284
15.991313224881429,278,568,275
16.004443507559284,300,496,297
16.017573790237137,242,485,270
16.030704072914993,249,513,301
16.04383435559285,281,500,346
16.056964638270703,290,560,303
16.070094920948556,297,514,292
16.083225203626412,300,484,313
16.09635548630427,275,526,278
16.109485768982122,269,479,318
16.122616051659975,285,506,271
16.13574633433783,296,525,284
16.148876617015688,293,561,300
16.16200689969354,294,521,302
16.175137182371394,267,534,272
16.18826746504925,304,569,264
16.201397747727107,283,534,303
16.21452803040496,276,531,272
16.227658313082813,289,515,259
16.24078859576067,247,559,312
16.253918878438526,277,508,280
16.26704916111638,286,516,312
16.280179443794232,299,566,280
16.29330972647209,277,570,274
16.306440009149945,279,523,292
16.319570291827798,271,555,283
16.332700574505655,275,596,279
16.345830857183508,292,550,323
16.358961139861364,284,516,277
16.37209142253922,326,554,278
16.385221705217074,288,599,300
16.398351987894927,281,501,311
16.411482270572783,250,561,324
16.42461255325064,305,551,288
16.437742835928493,261,533,302
16.450873118606346,265,554,301
16.464003401284202,304,547,285
16.47713368396206,300,526,314
16.490263966639912,330,560,297
16.503394249317765,303,534,304
16.51652453199562,316,567,305
16.529654814673478,300,607,315
16.54278509735133,322,576,270
16.555915380029184,317,560,309
16.56904566270704,275,572,307
16.582175945384897,282,566,273
16.59530622806275,293,540,303
16.608436510740603,301,561,287
16.62156679341846,256,594,286
16.634697076096316,278,566,305
16.64782735877417,280,572,277
16.660957641452022,289,615,304
16.67408792412988,296,603,288
16.687218206807735,298,577,285
16.700348489485588,303,556,306
16.71347877216344,300,547,312
16.726609054841298,285,632,294
16.739739337519154,301,563,293
16.752869620197007,293,564,305
16.76599990287486,303,592,322
16.779130185552717,288,569,297
16.792260468230573,301,561,316
16.805390750908426,298,612,326
16.81852103358628,318,555,316
16.831651316264136,274,607,283
16.844781598941992,314,617,298
16.857911881619845,296,570,327
16.871042164297698,282,606,327
16.884172446975555,307,595,305
16.89730272965341,294,564,305
16.910433012331264,338,593,317
16.923563295009117,285,602,316
16.936693577686974,288,575,320
16.94982386036483,298,587,307
16.962954143042683,305,566,331
16.976084425720536,334,583,331
16.989214708398393,335,592,329
17.00234499107625,334,581,324
17.015475273754102,311,570,348
17.028605556431955,321,596,350
17.041735839109812,318,585,323
17.05486612178767,352,555,332
17.06799640446552,318,615,335
17.081126687143378,359,594,337
17.09425696982123,330,589,354
17.107387252499088,330,545,366
17.120517535176944,347,604,344
17.133647817854797,341,595,353
17.14677810053265,328,576,346
17.159908383210507,320,519,352
17.173038665888363,327,581,355
17.186168948566216,341,601,339
17.19929923124407,343,542,367
17.212429513921926,342,592,380
17.225559796599782,338,547,370
17.238690079277635,329,596,368
17.251820361955488,319,546,361
17.264950644633345,339,620,374
17.2780809273112,345,569,376
17.291211209989054,342,556,398
17.304341492666907,331,541,387
17.317471775344764,338,573,426
17.33060205802262,370,602,434
17.343732340700473,372,607,379
17.356862623378326,344,564,409
17.369992906056183,374,560,425
17.38312318873404,316,558,416
17.396253471411892,377,613,405
17.409383754089745,386,525,430
17.422514036767602,366,591,427
17.43564431944546,372,538,436
17.44877460212331,405,631,424
17.461904884801164,345,549,407
17.47503516747902,353,589,464
17.488165450156878,392,579,443
17.50129573283473,378,549,431
17.514426015512583,408,604,433
17.52755629819044,391,586,491
17.540686580868297,361,578,451
17.55381686354615,359,566,449
17.566947146224003,386,564,422
17.58007742890186,359,549,471
17.593207711579716,366,581,412
17.60633799425757,397,582,453
17.61946827693542,398,600,480
17.632598559613278,378,636,436
17.645728842291135,409,574,490
17.658859124968988,389,567,439
17.67198940764684,410,620,464
17.685119690324697,373,585,459
17.698249973002554,406,600,440
17.711380255680407,397,595,413
17.72451053835826,407,635,444
17.737640821036116,419,607,432
17.750771103713973,397,649,422
17.763901386391826,393,592,446
17.77703166906968,379,559,423
17.790161951747535,360,614,405
17.803292234425392,388,607,447
17.816422517103245,380,578,443
17.8295527997811,378,576,415
17.842683082458954,390,562,369
17.85581336513681,358,590,441
17.868943647814667,392,591,392
17.88207393049252,322,583,382
17.895204213170373,330,563,403
17.90833449584823,335,613,362
17.921464778526087,335,619,370
17.93459506120394,324,644,379
17.947725343881793,337,601,386
17.96085562655965,303,607,392
17.973985909237506,312,576,360
17.98711619191536,320,586,355
18.00024647459321,281,618,343
18.013376757271068,322,573,357
18.026507039948925,313,575,331
18.039637322626778,323,621,323
18.05276760530463,285,574,365
18.065897887982487,295,613,346
18.079028170660344,318,577,359
18.092158453338197,324,614,351
18.10528873601605,301,556,296
18.118419018693906,301,579,355
18.131549301371763,322,601,311
18.144679584049616,302,610,353
18.15780986672747,296,577,324
18.170940149405325,310,649,295
18.184070432083182,293,589,323
18.197200714761035,275,559,310
18.210330997438888,294,606,353
18.223461280116744,259,583,317
18.2365915627946,278,581,332
18.249721845472454,283,626,319
18.262852128150307,277,587,329
18.275982410828163,263,611,323
18.28911269350602,281,588,314
18.302242976183873,273,631,313
18.315373258861726,266,592,307
18.328503541539582,280,620,295
18.34163382421744,325,590,283
18.354764106895292,284,597,316
18.367894389573145,277,626,282
18.381024672251,239,576,318
18.394154954928858,302,614,279
18.40728523760671,282,590,277
18.420415520284564,273,584,290
18.43354580296242,250,579,294
18.446676085640277,273,583,287
18.45980636831813,258,586,256
18.472936650995983,258,580,304
18.48606693367384,241,577,337
18.499197216351696,266,604,291
18.51232749902955,249,635,291
18.525457781707402,227,598,268
18.53858806438526,246,669,295
18.551718347063115,245,655,282
18.56484862974097,246,642,288
18.577978912418825,245,655,261
18.591109195096678,264,638,305
18.604239477774534,300,596,281
18.61736976045239,249,561,331
18.630500043130244,227,607,263
18.643630325808097,241,606,284
18.656760608485953,268,598,286
18.66989089116381,290,604,289
18.683021173841663,231,592,274
18.696151456519516,260,641,256
18.709281739197372,232,635,310
18.72241202187523,245,629,266
18.735542304553082,242,634,269
18.748672587230935,230,630,280
18.76180286990879,272,689,278
18.774933152586648,274,675,277
18.7880634352645,231,656,288
18.801193717942354,226,632,248
18.81432400062021,218,593,273
18.827454283298067,227,608,288
18.84058456597592,243,651,284
18.853714848653773,237,613,276
18.86684513133163,247,642,229
18.879975414009486,242,617,290
18.89310569668734,222,668,272
18.906235979365192,217,658,280
18.91936626204305,222,656,300
18.932496544720905,236,628,234
18.94562682739876,206,617,230
18.95875711007661,210,651,257
18.971887392754468,220,666,238
18.985017675432324,263,639,258
18.998147958110177,261,634,270
19.01127824078803,215,628,264
19.024408523465887,230,632,242
19.037538806143743,236,667,277
19.050669088821596,230,604,274
19.06379937149945,222,654,267
19.076929654177306,230,659,264
19.090059936855162,210,649,259
19.103190219533015,229,616,267
19.11632050221087,273,658,321
19.129450784888725,235,693,294
19.14258106756658,226,622,286
19.155711350244434,199,615,236
19.168841632922287,240,682,248
19.181971915600144,213,677,316
19.195102198278,219,657,272
19.208232480955854,243,695,285
19.221362763633707,234,672,292
19.234493046311563,219,696,266
19.24762332898942,224,648,275
19.260753611667273,221,663,289
19.273883894345126,206,689,270
19.287014177022982,205,681,251
19.30014445970084,217,670,295
19.31327474237869,236,644,288
19.326405025056548,205,708,275
19.3395353077344,230,670,269
19.352665590412258,238,634,319
19.365795873090114,214,690,295
19.378926155767967,213,665,333
19.39205643844582,228,672,347
19.405186721123677,239,667,307
19.418317003801533,226,690,303
19.431447286479386,201,681,330
19.44457756915724,249,696,311
19.457707851835096,239,713,338
19.470838134512952,259,672,363
19.483968417190805,241,709,383
19.49709869986866,243,749,349
19.510228982546515,234,704,331
19.52335926522437,263,713,345
19.536489547902224,245,689,340
19.549619830580077,268,723,342
19.562750113257934,281,740,325
19.57588039593579,286,725,335
19.589010678613644,262,729,332
19.602140961291497,294,727,331
19.615271243969353,291,767,310
19.62840152664721,277,751,296
19.641531809325063,294,778,309
19.654662092002916,310,760,330
19.667792374680772,316,778,280
19.68092265735863,319,847,329
19.69405294003648,348,772,331
19.707183222714335,332,784,294
19.72031350539219,349,783,299
19.733443788070048,383,836,289
19.7465740707479,388,761,317
19.759704353425754,455,827,278
19.77283463610361,421,874,274
19.785964918781467,414,829,292
19.79909520145932,381,857,304
19.812225484137173,366,773,288
19.82535576681503,340,794,292
19.838486049492886,303,817,281
19.85161633217074,298,740,314
19.864746614848592,279,732,293
19.87787689752645,293,755,311
19.891007180204305,265,746,291
19.904137462882158,259,733,286
19.91726774556001,265,714,275
19.930398028237867,247,811,300
19.943528310915724,244,715,268
19.956658593593577,265,777,280
19.96978887627143,268,770,268
19.982919158949286,265,720,303
19.996049441627143,279,744,301
20.009179724304996,258,742,274
20.022310006982853,246,756,294
20.035440289660706,294,773,292
20.048570572338562,259,815,310
20.061700855016415,271,699,283
20.07483113769427,261,802,290
20.087961420372125,243,761,263
20.10109170304998,281,808,258
20.114221985727834,266,789,281
20.12735226840569,306,783,319
20.140482551083544,306,771,259
20.1536128337614,345,789,271
20.166743116439253,324,783,276
20.17987339911711,355,830,276
20.193003681794963,409,868,265
20.20613396447282,384,819,284
20.219264247150672,462,887,262
20.23239452982853,507,925,302
20.245524812506382,575,1008,285
20.25865509518424,653,1089,236
20.27178537786209,700,1110,260
20.284915660539948,621,1076,288
20.2980459432178,560,1029,275
20.311176225895657,532,956,281
20.32430650857351,492,928,271
20.337436791251367,427,942,269
20.35056707392922,367,840,272
20.363697356607076,319,853,279
20.37682763928493,329,830,244
20.389957921962786,278,863,248
20.40308820464064,283,750,291
20.416218487318496,322,771,261
20.42934876999635,291,788,271
20.442479052674205,237,801,257
20.45560933535206,267,738,266
20.468739618029915,272,830,267
20.48186990070777,301,811,249
20.495000183385624,281,795,275
20.50813046606348,278,772,258
20.521260748741334,261,796,286
20.53439103141919,314,769,300
20.547521314097043,272,822,295
20.5606515967749,301,813,302
20.573781879452753,303,813,284
20.58691216213061,322,787,267
20.600042444808462,319,759,298
20.61317272748632,344,795,286
20.626303010164172,381,807,292
20.63943329284203,390,794,287
20.65256357551988,418,850,330
20.665693858197738,358,835,249
20.67882414087559,409,818,288
20.691954423553447,379,798,315
20.7050847062313,368,816,307
20.718214988909157,351,839,316
20.73134527158701,408,825,325
20.744475554264866,387,854,323
20.75760583694272,421,892,279
20.770736119620576,488,963,288
20.78386640229843,467,886,324
20.796996684976286,455,923,301
20.81012696765414,379,932,260
20.823257250331995,437,948,312
20.836387533009848,398,917,277
20.849517815687705,400,872,297
20.862648098365558,385,903,286
20.875778381043414,429,950,267
20.888908663721267,410,939,284
20.902038946399124,395,964,275
20.915169229076977,385,901,266
20.928299511754833,390,936,244
20.941429794432686,388,878,282
20.954560077110543,335,881,271
20.967690359788396,334,880,270
20.980820642466252,332,895,259
20.993950925144105,270,867,278
21.00708120782196,322,851,242
21.020211490499815,320,865,256
21.03334177317767,345,895,265
21.046472055855524,277,899,270
21.05960233853338,294,875,258
21.072732621211234,326,905,285
21.08586290388909,334,893,280
21.098993186566943,368,877,227
21.1121234692448,395,949,236
21.125253751922653,452,959,277
21.13838403460051,477,983,269
21.151514317278362,536,1078,234
21.16464459995622,567,1041,250
21.177774882634072,500,994,223
21.19090516531193,456,1030,220
21.204035447989785,442,950,242
21.217165730667638,419,940,290
21.230296013345495,420,948,249
21.243426296023348,315,914,240
21.256556578701204,329,895,281
21.269686861379057,341,882,272
21.282817144056914,320,869,256
21.295947426734767,322,883,285
21.309077709412623,280,861,233
21.322207992090476,298,886,260
21.335338274768333,308,813,249
21.348468557446186,324,876,263
21.361598840124042,323,938,270
21.374729122801895,311,921,256
21.38785940547975,356,875,267
21.400989688157605,371,829,236
21.41411997083546,350,934,243
21.427250253513314,377,906,242
21.44038053619117,368,911,270
21.453510818869024,349,897,237
21.46664110154688,345,904,260
21.479771384224733,299,843,273
21.49290166690259,317,855,236
21.506031949580443,262,824,242
21.5191622322583,261,904,250
21.532292514936152,239,800,241
21.54542279761401,235,843,246
21.558553080291862,231,852,265
21.57168336296972,223,847,227
21.58481364564757,237,840,242
21.597943928325428,216,812,240
21.61107421100328,242,797,244
21.624204493681138,213,809,241
21.63733477635899,210,803,282
21.650465059036847,217,842,231
21.6635953417147,201,792,257
21.676725624392557,212,780,222
21.68985590707041,239,806,240
21.702986189748266,209,865,211
21.71611647242612,206,821,229
21.729246755103976,217,832,249
21.74237703778183,185,807,256
21.755507320459685,188,753,243
21.768637603137538,191,788,259
21.781767885815395,193,841,231
21.794898168493248,199,856,229
21.808028451171104,212,828,247
21.821158733848957,196,849,225
21.834289016526814,206,801,235
21.847419299204667,201,808,232
21.860549581882523,204,828,247
21.873679864560376,225,818,267
21.886810147238233,199,777,233
21.899940429916086,207,838,234
21.913070712593942,186,823,227
21.926200995271795,192,826,235
21.939331277949652,180,858,243
21.95246156062751,203,793,201
21.96559184330536,184,795,241
21.978722125983218,197,794,240
21.99185240866107,197,842,268
22.004982691338927,216,813,234
22.01811297401678,185,835,241
22.031243256694637,200,816,237
22.04437353937249,172,806,235
22.057503822050347,160,807,243
22.0706341047282,192,839,228
22.083764387406056,194,838,243
22.09689467008391,199,800,257
22.110024952761766,196,818,231
22.12315523543962,206,811,239
22.136285518117475,187,866,243
22.149415800795328,220,805,268
22.162546083473185,207,762,302
22.175676366151038,198,868,243
22.188806648828894,212,876,257
22.201936931506747,207,818,272
22.215067214184604,209,829,280
22.228197496862457,232,853,287
22.241327779540313,193,813,272
22.254458062218166,231,816,250
22.267588344896023,218,773,232
22.280718627573876,217,848,273
22.293848910251732,202,737,278
22.306979192929585,235,857,232
22.320109475607442,210,816,239
22.333239758285295,235,796,275
22.34637004096315,245,810,235
22.359500323641004,220,862,288
22.37263060631886,266,856,258
22.385760888996714,242,870,246
22.39889117167457,263,868,234
22.412021454352423,245,831,217
22.42515173703028,285,820,280
22.438282019708133,274,871,249
22.45141230238599,273,837,216
22.464542585063842,238,831,285
22.4776728677417,241,783,256
22.490803150419552,289,831,228
22.50393343309741,223,882,241
22.51706371577526,241,905,237
22.530193998453118,217,807,250
22.54332428113097,190,837,264
22.556454563808828,178,825,263
22.56958484648668,188,853,268
22.582715129164537,210,787,243
22.59584541184239,186,900,275
22.608975694520247,189,790,288
22.6221059771981,195,805,264
22.635236259875956,195,775,248
22.64836654255381,209,765,243
22.661496825231666,220,781,275
22.67462710790952,207,742,281
22.687757390587375,201,788,245
22.700887673265232,178,824,278
22.714017955943085,209,820,310
22.72714823862094,205,809,297
22.740278521298794,192,815,263
22.75340880397665,194,755,287
22.766539086654504,207,809,242
22.77966936933236,212,814,271
22.792799652010213,197,884,291
22.80592993468807,232,824,265
22.819060217365923,239,837,258
22.83219050004378,234,780,279
22.845320782721632,225,822,261
22.85845106539949,246,826,288
22.871581348077342,275,864,306
22.8847116307552,325,849,247
22.89784191343305,317,859,258
22.910972196110908,348,943,273
22.92410247878876,338,868,290
22.937232761466618,321,861,237
22.95036304414447,344,831,232
22.963493326822327,315,836,272
22.97662360950018,348,870,264
22.989753892178037,330,870,259
23.00288417485589,293,856,260
23.016014457533746,329,853,259
23.0291447402116,371,879,294
23.042275022889456,380,868,259
23.05540530556731,332,949,259
23.068535588245165,296,898,276
23.08166587092302,311,888,277
23.094796153600875,303,865,258
23.107926436278728,296,871,299
23.121056718956584,269,800,282
23.134187001634437,272,762,271
23.147317284312294,242,723,289
23.160447566990147,260,751,304
23.173577849668003,237,805,288
23.186708132345856,257,746,314
23.199838415023713,249,756,288
23.212968697701566,260,774,241
23.226098980379422,263,745,267
23.239229263057275,281,782,285
23.252359545735132,335,753,276
23.265489828412985,313,849,268
23.27862011109084,364,806,260
23.291750393768694,318,809,283
23.30488067644655,350,823,274
23.318010959124404,357,865,260
23.33114124180226,399,848,267
23.344271524480114,342,845,266
23.35740180715797,338,847,263
23.370532089835823,370,859,238
23.38366237251368,377,873,256
23.396792655191533,327,792,250
23.40992293786939,348,836,279
23.423053220547242,340,842,248
23.4361835032251,272,839,230
23.449313785902955,294,795,262
23.462444068580808,312,808,262
23.475574351258665,299,841,215
23.488704633936518,272,813,238
23.501834916614374,264,751,267
23.514965199292227,264,784,225
23.528095481970084,256,798,248
23.541225764647937,228,751,269
23.554356047325793,244,758,277
23.567486330003646,274,753,221
23.580616612681503,238,742,239
23.593746895359356,268,748,243
23.606877178037212,239,745,230
23.620007460715065,266,730,244
23.633137743392922,271,815,220
23.646268026070775,266,741,233
23.65939830874863,235,792,223
23.672528591426484,289,793,204
23.68565887410434,345,798,244
23.698789156782194,317,783,239
23.71191943946005,290,809,227
23.725049722137904,277,757,249
23.73818000481576,281,778,249
23.751310287493613,271,788,221
23.76444057017147,250,744,236
23.777570852849323,237,697,233
23.79070113552718,233,687,236
23.803831418205032,212,719,245
23.81696170088289,201,758,228
23.83009198356074,226,733,263
23.843222266238598,219,707,248
23.85635254891645,201,731,240
23.869482831594308,208,773,233
23.88261311427216,224,708,241
23.895743396950017,222,683,251
23.90887367962787,203,751,241
23.922003962305727,210,715,246
23.93513424498358,195,717,218
23.948264527661436,225,747,231
23.96139481033929,175,698,246
23.974525093017146,200,713,212
23.987655375695,216,687,236
24.000785658372855,175,671,234
24.01391594105071,197,679,257
24.027046223728565,195,695,247
24.040176506406418,213,682,199
24.053306789084274,212,681,238
24.066437071762127,221,712,234
24.079567354439984,211,677,241
24.092697637117837,220,716,240
24.105827919795694,196,670,234
24.118958202473546,203,663,210
24.132088485151403,222,738,270
24.145218767829256,213,683,236
24.158349050507113,217,696,242
24.17147933318497,216,704,242
24.184609615862822,208,661,231
24.19773989854068,210,707,244
24.21087018121853,226,754,280
24.224000463896388,226,696,201
24.23713074657424,250,717,248
24.250261029252098,211,674,221
24.26339131192995,225,691,229
24.276521594607807,218,728,263
24.28965187728566,215,712,271
24.302782159963517,244,715,228
24.31591244264137,233,700,257
24.329042725319226,215,713,223
24.34217300799708,224,749,235
24.355303290674936,225,653,256
24.36843357335279,210,687,241
24.381563856030645,225,711,236
24.3946941387085,276,699,247
24.407824421386355,257,694,273
24.420954704064208,242,682,246
24.434084986742064,280,667,261
24.447215269419917,242,746,256
24.460345552097774,242,699,261
24.473475834775627,272,700,268
24.486606117453483,259,714,261
24.499736400131336,267,663,268
24.512866682809193,287,766,276
24.525996965487046,298,712,278
24.539127248164903,280,730,295
24.552257530842756,300,698,295
24.565387813520612,328,719,306
24.578518096198465,303,735,301
24.59164837887632,319,727,296
24.604778661554175,357,759,282
24.61790894423203,386,794,307
24.631039226909884,436,816,250
24.64416950958774,478,852,293
24.657299792265594,512,906,261
24.67043007494345,688,930,247
24.683560357621303,765,1049,262
24.69669064029916,890,1162,263
24.709820922977013,1192,1269,261
24.72295120565487,1470,1467,237
24.736081488332722,1788,1704,259
24.74921177101058,2454,2081,227
24.762342053688432,3460,2749,276
24.77547233636629,4656,3761,256
24.78860261904414,6498,5019,257
24.801732901721998,7596,5695,246
24.81486318439985,6430,4863,208
24.827993467077707,4497,3558,226
24.84112374975556,4006,3073,239
24.854254032433417,4079,3250,234
24.86738431511127,3994,3239,220
24.880514597789126,3010,2462,242
24.89364488046698,1887,1610,260
24.906775163144836,1173,1245,248
24.919905445822693,845,1058,233
24.933035728500546,673,957,237
24.946166011178402,539,861,281
24.959296293856255,453,818,271
24.97242657653411,492,751,316
24.985556859211965,409,762,312
24.99868714188982,389,711,325
25.011817424567674,376,747,322
25.02494770724553,315,711,293
25.038077989923384,320,695,304
25.05120827260124,301,742,310
25.064338555279093,306,733,383
25.07746883795695,299,671,352
25.090599120634803,309,675,356
25.10372940331266,266,703,373
25.116859685990512,297,656,420
25.12998996866837,271,715,457
25.14312025134622,282,681,441
25.15625053402408,283,666,441
25.16938081670193,283,629,464
25.182511099379788,289,722,437
25.19564138205764,291,678,413
25.208771664735497,285,646,377
25.22190194741335,301,678,350
25.235032230091207,303,610,346
25.24816251276906,298,672,318
25.261292795446916,281,635,293
25.27442307812477,282,660,278
25.287553360802626,257,666,326
25.30068364348048,249,629,257
25.313813926158335,222,606,273
25.32694420883619,259,632,262
25.340074491514045,248,598,268
25.353204774191898,204,632,236
25.366335056869755,239,634,233
25.379465339547608,195,655,248
25.392595622225464,204,599,241
25.405725904903317,225,667,272
25.418856187581174,222,610,275
25.431986470259027,220,634,248
25.445116752936883,250,578,237
25.458247035614736,242,622,259
25.471377318292593,204,637,238
25.484507600970446,190,651,235
25.497637883648302,208,661,262
25.510768166326155,239,647,248
25.52389844900401,223,636,229
25.537028731681865,232,621,257
25.55015901435972,266,641,247
25.563289297037574,214,656,232
25.57641957971543,250,682,220
25.589549862393284,233,660,245
25.60268014507114,228,641,228
25.615810427748993,273,644,282
25.62894071042685,236,634,242
25.642070993104703,241,647,257
25.65520127578256,270,612,234
25.668331558460416,247,650,240
25.68146184113827,242,598,247
25.694592123816125,242,582,239
25.70772240649398,263,636,246
25.720852689171835,222,603,245
25.733982971849688,233,586,258
25.747113254527545,231,604,276
25.760243537205398,237,643,246
25.773373819883254,214,617,262
25.786504102561107,234,595,266
25.799634385238964,248,567,263
25.812764667916817,220,607,222
25.825894950594673,207,555,268
25.839025233272526,215,591,246
25.852155515950383,249,579,262
25.865285798628236,239,586,245
25.878416081306092,225,555,275
25.891546363983945,238,595,291
25.9046766466618,210,601,293
25.917806929339655,229,601,263
25.93093721201751,264,612,269
25.944067494695364,222,582,289
25.95719777737322,261,624,305
25.970328060051074,235,639,290
25.98345834272893,231,610,288
25.996588625406783,230,571,262
26.00971890808464,222,578,293
26.022849190762493,212,635,301
26.03597947344035,264,606,276
26.049109756118202,225,600,330
26.06224003879606,223,602,294
26.075370321473912,272,618,330
26.08850060415177,230,611,300
26.10163088682962,273,645,325
26.114761169507478,260,568,290
26.12789145218533,263,624,327
26.141021734863187,257,597,329
26.15415201754104,276,659,340
26.167282300218897,292,580,350
26.18041258289675,282,648,363
26.193542865574607,288,648,403
26.20667314825246,290,599,405
26.219803430930316,275,622,426
26.23293371360817,326,637,450
26.246063996286026,301,648,451
26.25919427896388,342,682,450
26.272324561641735,404,726,427
26.285454844319588,345,680,442
26.298585126997445,383,746,489
26.311715409675298,446,722,477
26.324845692353154,431,750,502
26.337975975031007,461,802,471
26.351106257708864,404,765,465
26.364236540386717,422,757,496
26.377366823064573,446,755,518
26.390497105742426,474,810,544
26.403627388420283,493,801,553
26.41675767109814,479,846,546
26.429887953775992,533,877,580
26.44301823645385,572,832,614
26.456148519131702,637,890,620
26.46927880180956,662,978,656
26.48240908448741,754,953,675
26.495539367165268,681,947,687
26.50866964984312,651,966,689
26.521799932520977,741,1098,714
26.53493021519883,845,1156,725
26.548060497876687,1111,1205,736
26.56119078055454,1058,1235,754
26.574321063232397,872,1077,767
26.58745134591025,749,1058,697
26.600581628588106,803,1080,661
26.61371191126596,930,1143,672
26.626842193943816,1005,1290,691
26.63997247662167,1001,1252,694
26.653102759299525,958,1294,634
26.666233041977378,979,1277,707
26.679363324655235,962,1306,658
26.692493607333088,1018,1333,598
26.705623890010944,1001,1330,636
26.718754172688797,1021,1364,602
26.731884455366654,1062,1300,578
26.745014738044507,973,1205,598
26.758145020722363,1010,1211,572
26.771275303400216,902,1175,593
26.784405586078073,850,1120,565
26.797535868755926,758,1059,528
26.810666151433782,750,1012,552
26.823796434111635,612,962,524
26.836926716789492,636,938,518
26.850056999467345,585,858,529
26.8631872821452,585,833,495
26.876317564823054,500,869,524
26.88944784750091,487,801,510
26.902578130178764,487,753,484
26.91570841285662,507,750,499
26.928838695534473,457,741,503
26.94196897821233,482,760,499
26.955099260890183,456,795,485
26.96822954356804,436,751,459
26.981359826245892,475,730,420
26.99449010892375,464,707,476
27.007620391601602,381,709,499
27.02075067427946,416,759,481
27.03388095695731,456,654,426
27.047011239635168,426,663,422
27.06014152231302,369,623,480
27.073271804990878,385,601,427
27.08640208766873,374,597,441
27.099532370346587,380,618,431
27.11266265302444,414,607,435
27.125792935702297,389,614,415
27.13892321838015,380,578,470
27.152053501058006,330,591,427
27.165183783735863,365,589,426
27.178314066413716,339,623,409
27.191444349091572,390,587,482
27.204574631769425,332,559,489
27.217704914447282,346,599,464
27.230835197125135,360,591,498
27.24396547980299,372,560,451
27.257095762480844,368,561,440
27.2702260451587,375,568,434
27.283356327836554,399,569,460
27.29648661051441,381,558,378
27.309616893192263,393,560,406
27.32274717587012,424,642,393
27.335877458547973,433,661,378
27.34900774122583,475,633,379
27.362138023903682,480,652,389
27.37526830658154,479,673,367
27.388398589259392,471,677,328
27.40152887193725,534,638,351
27.4146591546151,537,641,334
27.427789437292958,514,642,338
27.44091971997081,561,716,330
27.454050002648668,595,661,355
27.46718028532652,515,654,353
27.480310568004377,474,655,303
27.49344085068223,477,671,310
27.506571133360087,488,651,295
27.51970141603794,503,631,290
27.532831698715796,488,684,337
27.54596198139365,434,583,280
27.559092264071506,426,586,275
27.57222254674936,448,581,323
27.585352829427215,440,568,269
27.598483112105068,403,573,270
27.611613394782925,433,566,291
27.624743677460778,379,588,280
27.637873960138634,424,544,270
27.651004242816487,367,552,280
27.664134525494344,368,550,280
27.677264808172197,354,516,278
27.690395090850053,366,527,269
27.703525373527906,330,502,289
27.716655656205763,327,494,267
27.729785938883616,337,499,289
27.742916221561472,317,488,231
27.756046504239325,266,454,267
27.769176786917182,300,486,246
27.782307069595035,315,434,232
27.79543735227289,297,498,264
27.808567634950744,286,465,235
27.8216979176286,265,476,257
27.834828200306454,287,517,240
27.84795848298431,276,476,238
27.861088765662164,263,460,250
27.87421904834002,282,471,207
27.887349331017873,285,518,275
27.90047961369573,278,434,225
27.913609896373586,310,465,231
27.92674017905144,269,469,244
27.939870461729296,261,481,225
27.95300074440715,210,488,234
27.966131027085005,290,449,225
27.979261309762858,273,527,239
27.992391592440715,267,432,216
28.005521875118568,304,430,233
28.018652157796424,278,477,250
28.031782440474277,247,478,217
28.044912723152134,262,464,231
28.058043005829987,242,479,215
28.071173288507843,272,431,240
28.084303571185696,284,476,247
28.097433853863553,283,482,240
28.110564136541406,243,452,215
28.123694419219262,271,475,234
28.136824701897115,242,467,219
28.149954984574972,249,458,228
28.163085267252825,257,485,241
28.17621554993068,284,483,202
28.189345832608534,275,440,231
28.20247611528639,264,453,226
28.215606397964244,277,454,245
28.2287366806421,244,474,212
28.241866963319953,230,481,198
28.25499724599781,248,421,227
28.268127528675663,239,481,225
28.28125781135352,278,461,223
28.294388094031373,261,462,220
28.30751837670923,258,432,213
28.320648659387082,248,482,203
28.33377894206494,259,450,224
28.34690922474279,234,433,211
28.360039507420648,231,459,212
28.3731697900985,234,445,213
28.386300072776358,245,471,238
28.39943035545421,227,496,230
28.412560638132067,209,421,187
28.42569092080992,240,421,190
28.438821203487777,211,436,217
28.45195148616563,199,434,202
28.465081768843486,223,437,197
28.47821205152134,193,439,207
28.491342334199196,213,436,199
28.50447261687705,215,434,199
28.517602899554905,236,425,225
28.53073318223276,240,443,219
28.543863464910615,235,439,207
28.556993747588468,221,460,242
28.570124030266324,214,415,199
28.583254312944177,210,474,180
28.596384595622034,225,484,212
28.609514878299887,218,463,201
28.622645160977743,214,451,189
28.635775443655596,226,443,200
28.648905726333453,217,475,207
28.66203600901131,265,414,183
28.675166291689163,245,499,196
28.68829657436702,235,487,174
28.701426857044872,219,412,209
28.71455713972273,251,419,201
28.72768742240058,242,425,202
28.740817705078438,233,463,187
28.75394798775629,210,395,210
28.767078270434148,222,425,172
28.780208553112,198,462,200
28.793338835789857,228,431,191
28.80646911846771,229,411,190
28.819599401145567,208,440,196
28.83272968382342,205,421,216
28.845859966501276,226,480,203
28.85899024917913,195,436,210
28.872120531856986,205,416,177
28.88525081453484,238,412,226
28.898381097212695,206,418,216
28.91151137989055,240,416,174
28.924641662568405,228,424,195
28.937771945246258,231,390,195
28.950902227924114,264,408,204
28.964032510601967,236,433,204
28.977162793279824,280,401,209
28.990293075957677,285,438,207
29.003423358635533,306,437,223
29.016553641313386,313,425,193
29.029683923991243,278,429,192
29.042814206669096,308,398,179
29.055944489346953,287,405,181
29.069074772024805,302,403,178
29.082205054702662,288,443,164
29.095335337380515,247,444,206
29.10846562005837,224,383,191
29.121595902736225,270,409,212
29.13472618541408,209,447,182
29.147856468091934,240,395,184
29.16098675076979,213,454,192
29.174117033447644,204,444,197
29.1872473161255,208,434,184
29.200377598803353,205,439,187
29.21350788148121,205,417,208
29.226638164159063,196,413,205
29.23976844683692,202,389,212
29.252898729514772,182,401,183
29.26602901219263,201,422,167
29.27915929487048,185,411,176
29.29228957754834,183,413,207
29.30541986022619,195,443,169
29.318550142904048,228,424,209
29.3316804255819,210,425,191
29.344810708259757,219,414,210
29.35794099093761,194,411,202
29.371071273615467,205,430,197
29.38420155629332,219,448,205
29.397331838971176,201,431,174
29.410462121649033,189,438,189
29.423592404326886,212,467,183
29.436722687004742,186,444,194
29.449852969682595,197,467,212
29.462983252360452,161,479,210
29.476113535038305,192,503,178
29.48924381771616,179,511,196
29.502374100394015,189,506,206
29.51550438307187,183,489,202
29.528634665749724,200,508,205
29.54176494842758,184,525,225
29.554895231105434,218,499,209
29.56802551378329,198,481,173
29.581155796461143,177,515,184
29.594286079139,223,512,184
29.607416361816853,196,499,195
29.62054664449471,196,468,213
29.633676927172562,230,447,206
29.64680720985042,220,475,197
29.65993749252827,236,466,178
29.67306777520613,234,461,183
29.68619805788398,232,476,193
29.699328340561838,261,445,208
29.71245862323969,216,422,187
29.725588905917547,219,473,173
29.7387191885954,241,428,190
29.751849471273257,248,404,184
29.76497975395111,195,415,179
29.778110036628966,228,407,202
29.79124031930682,188,428,189
29.804370601984676,227,418,186
29.81750088466253,230,426,157
29.830631167340385,202,423,154
29.84376145001824,204,427,183
29.856891732696095,213,424,173
29.870022015373948,186,410,198
29.883152298051805,182,412,181
29.896282580729657,186,406,204
29.909412863407514,168,429,172
29.922543146085367,192,392,181
29.935673428763224,171,404,166
29.948803711441077,167,375,164
29.961933994118933,159,393,157
29.975064276796786,169,398,177
29.988194559474643,170,373,178
30.001324842152496,176,392,168
30.014455124830352,189,408,155
30.027585407508205,172,378,173
30.04071569018606,164,368,168
30.053845972863915,169,418,171
30.06697625554177,166,343,157
30.080106538219624,168,408,167
30.09323682089748,173,382,162
30.106367103575334,162,385,161
30.11949738625319,185,392,176
30.132627668931043,143,367,168
30.1457579516089,157,380,163
30.158888234286756,178,402,163
30.17201851696461,128,389,170
30.185148799642466,172,402,177
30.19827908232032,169,406,168
30.211409364998175,163,400,171
30.22453964767603,161,375,182
30.237669930353885,160,328,189
30.250800213031738,154,372,171
30.263930495709594,163,395,177
30.277060778387447,160,365,143
30.290191061065304,158,385,147
30.303321343743157,162,373,175
30.316451626421014,182,375,178
30.329581909098867,163,360,172
30.342712191776723,171,400,168
30.355842474454576,153,344,183
30.368972757132433,175,370,187
30.382103039810286,143,367,164
30.395233322488142,153,348,180
30.408363605165995,157,341,152
30.42149388784385,158,355,157
30.434624170521705,160,384,184
30.44775445319956,176,383,178
30.460884735877414,152,380,163
30.47401501855527,161,364,195
30.487145301233124,155,408,158
30.50027558391098,147,363,174
30.513405866588833,168,378,184
30.52653614926669,166,399,156
30.539666431944543,158,384,180
30.5527967146224,171,388,183
30.565926997300252,176,383,179
30.57905727997811,168,381,176
30.592187562655962,182,367,178
30.60531784533382,175,387,181
30.61844812801167,168,392,156
30.631578410689528,166,414,152
30.64470869336738,141,364,147
30.657838976045237,172,385,177
30.67096925872309,192,411,153
30.684099541400947,183,399,172
30.6972298240788,175,352,174
30.710360106756657,193,397,169
30.72349038943451,185,371,168
30.736620672112366,185,393,148
30.74975095479022,180,389,153
30.762881237468076,166,391,176
30.77601152014593,176,383,164
30.789141802823785,159,396,164
30.802272085501638,155,395,153
30.815402368179495,165,351,156
30.828532650857348,178,343,147
30.841662933535204,203,369,153
30.854793216213057,157,384,168
30.867923498890914,167,391,146
30.881053781568767,166,369,165
30.894184064246623,151,390,195
30.90731434692448,168,392,175
30.920444629602333,178,341,166
30.93357491228019,149,354,154
30.946705194958042,183,361,174
30.9598354776359,142,375,161
30.972965760313752,169,370,151
30.98609604299161,165,337,170
30.99922632566946,159,361,165
31.012356608347318,174,364,162
31.02548689102517,162,372,175
31.038617173703027,161,345,177
31.05174745638088,156,338,161
31.064877739058737,148,329,153
31.07800802173659,137,366,189
31.091138304414446,129,401,188
31.1042685870923,158,352,145
31.117398869770156,177,347,162
31.13052915244801,147,361,149
31.143659435125866,143,353,139
31.15678971780372,154,378,156
31.169920000481575,139,351,163
31.183050283159428,148,349,168
31.196180565837285,134,351,162
31.209310848515138,158,327,155
31.222441131192994,149,358,159
31.235571413870847,137,350,147
31.248701696548704,137,348,138
31.261831979226557,134,351,143
31.274962261904413,134,322,143
31.288092544582266,122,329,167
31.301222827260123,154,378,160
31.314353109937976,139,349,160
31.327483392615832,134,337,149
31.340613675293685,134,323,133
31.353743957971542,146,314,142
31.366874240649395,134,315,138
31.38000452332725,130,368,144
31.393134806005104,150,399,141
31.40626508868296,136,326,139
31.419395371360814,138,345,137
31.43252565403867,154,352,143
31.445655936716523,142,343,185
31.45878621939438,129,353,149
31.471916502072233,138,337,163
31.48504678475009,130,320,128
31.498177067427942,132,344,161
31.5113073501058,146,317,142
31.524437632783652,147,331,149
31.53756791546151,137,343,160
31.55069819813936,160,333,151
31.563828480817218,149,371,159
31.57695876349507,135,340,169
31.590089046172928,133,354,145
31.60321932885078,162,342,164
31.616349611528637,153,303,143
31.62947989420649,128,335,162
31.642610176884347,141,351,179
31.655740459562203,136,350,152
31.668870742240056,146,361,149
31.682001024917913,152,381,147
31.695131307595766,123,388,160
31.708261590273622,138,361,160
31.721391872951475,127,374,173
31.73452215562933,135,400,151
31.747652438307185,139,373,135
31.76078272098504,179,352,176
31.773913003662894,148,365,145
31.78704328634075,132,351,141
31.800173569018604,141,356,137
31.81330385169646,134,347,122
31.826434134374313,161,341,130
31.83956441705217,134,391,129
31.852694699730023,159,362,128
31.86582498240788,121,291,161
31.878955265085732,118,355,133
31.89208554776359,154,335,145
31.905215830441442,143,340,162
31.9183461131193,144,362,153
31.93147639579715,169,350,151
31.944606678475008,154,321,138
31.95773696115286,154,341,129
31.970867243830718,165,333,138
31.98399752650857,150,321,152
31.997127809186427,127,345,130
32.01025809186428,121,320,145
32.02338837454214,154,334,149
32.036518657219986,129,304,156
32.04964893989785,153,327,151
32.0627792225757,119,348,146
32.075909505253556,146,318,118
32.08903978793141,123,340,162
32.10217007060926,156,349,163
32.11530035328712,142,345,145
32.128430635964975,128,319,154
32.141560918642824,151,341,146
32.15469120132069,152,367,157
32.16782148399854,144,351,139
32.180951766676394,146,329,155
32.19408204935425,147,339,133
32.2072123320321,138,313,146
32.220342614709956,125,360,148
32.23347289738781,144,368,144
32.24660318006566,150,304,148
32.259733462743526,131,312,155
32.272863745421375,156,340,154
32.28599402809923,150,356,157
32.29912431077709,130,364,138
32.31225459345494,144,360,139
32.325384876132794,151,358,163
32.33851515881065,151,369,135
32.3516454414885,148,340,147
32.364775724166364,152,353,128
32.37790600684421,148,323,126
32.39103628952207,168,345,148
32.40416657219993,187,350,143
32.417296854877776,151,371,139
32.43042713755564,189,390,136
32.44355742023349,198,361,149
32.456687702911346,168,331,141
32.4698179855892,166,368,153
32.48294826826705,153,371,144
32.49607855094491,160,332,132
32.509208833622765,165,329,160
32.522339116300614,149,359,120
32.53546939897848,137,359,145
32.54859968165633,139,347,131
32.561729964334184,160,336,145
32.57486024701204,159,325,155
32.58799052968989,137,320,131
32.601120812367746,132,321,157
32.6142510950456,132,294,139
32.62738137772345,123,319,118
32.640511660401316,141,350,170
32.653641943079165,138,347,133
32.66677222575702,127,335,162
32.67990250843488,111,283,138
32.69303279111273,132,330,158
32.706163073790584,130,333,162
32.71929335646844,141,315,134
32.73242363914629,123,352,147
32.745553921824154,164,352,137
32.758684204502,137,312,146
32.77181448717986,152,322,115
32.78494476985772,129,325,143
32.798075052535566,142,309,147
32.81120533521342,149,342,136
32.82433561789128,134,337,160
32.83746590056913,122,327,119
32.85059618324699,139,316,128
32.86372646592484,129,326,157
32.8768567486027,131,321,171
32.889987031280555,144,285,136
32.903117313958404,138,302,145
32.91624759663626,143,316,142
32.92937787931412,123,317,143
32.94250816199197,120,327,149
32.95563844466983,145,313,129
32.96876872734768,112,326,157
32.981899010025536,128,311,121
32.99502929270339,128,304,141
33.00815957538124,131,337,116
33.0212898580591,121,317,148
33.034420140736955,140,305,137
33.047550423414805,134,320,157
33.06068070609267,137,295,133
33.07381098877052,111,378,129
33.086941271448374,151,343,138
33.10007155412623,141,331,152
33.11320183680408,125,303,154
33.12633211948194,132,310,145
33.13946240215979,151,304,122
33.15259268483765,148,330,140
33.16572296751551,153,310,140
33.178853250193356,171,327,147
33.19198353287121,130,331,145
33.20511381554907,122,328,126
33.21824409822692,149,313,179
33.23137438090478,150,328,140
33.24450466358263,154,319,154
33.25763494626049,148,360,130
33.270765228938345,137,351,146
33.283895511616194,149,310,141
33.29702579429405,132,310,139
33.31015607697191,142,295,129
33.32328635964976,137,351,137
33.33641664232762,142,335,131
33.34954692500547,123,350,117
33.362677207683326,123,316,146
33.37580749036118,153,357,132
33.38893777303903,138,322,137
33.40206805571689,126,316,142
33.415198338394745,138,311,144
33.428328621072595,141,303,125
33.44145890375046,132,334,134
33.45458918642831,130,317,134
33.467719469106164,127,350,116
33.48084975178402,149,297,128
33.49398003446187,122,330,134
33.50711031713973,142,316,137
33.52024059981758,124,306,127
33.53337088249543,132,312,124
33.5465011651733,142,302,141
33.559631447851146,118,315,144
33.572761730529,124,360,156
33.58589201320686,118,340,133
33.59902229588471,132,308,131
33.612152578562565,146,337,128
33.62528286124042,128,308,118
33.63841314391827,144,304,138
33.651543426596135,143,306,127
33.664673709273984,119,285,126
33.67780399195184,110,304,137
33.6909342746297,147,338,144
33.70406455730755,129,316,141
33.7171948399854,146,334,146
33.73032512266326,119,297,135
33.74345540534111,122,287,138
33.75658568801897,136,321,143
33.76971597069682,129,284,111
33.78284625337468,141,340,120
33.795976536052535,128,270,136
33.809106818730385,124,295,140
33.82223710140824,110,325,123
33.8353673840861,120,328,106
33.84849766676395,122,299,114
33.86162794944181,123,326,108
33.87475823211966,122,301,135
33.88788851479752,115,321,135
33.90101879747537,138,292,129
33.91414908015322,139,296,118
33.92727936283109,131,316,124
33.940409645508936,139,263,147
33.95353992818679,128,326,117
33.96667021086465,112,282,123
33.9798004935425,118,310,131
33.992930776220355,137,342,124
34.00606105889821,132,298,124
34.01919134157606,130,317,136
34.032321624253925,126,296,118
34.045451906931774,111,309,142
34.05858218960963,131,286,122
34.07171247228749,121,298,115
34.08484275496534,133,315,134
34.09797303764319,137,305,137
34.11110332032105,130,305,124
34.1242336029989,125,320,138
34.13736388567676,128,303,127
34.15049416835461,118,300,109
34.16362445103247,145,293,141
34.176754733710325,124,308,140
34.189885016388175,108,296,138
34.20301529906603,136,305,123
34.21614558174389,126,303,134
34.22927586442174,161,315,139
34.2424061470996,139,323,147
34.25553642977745,136,331,138
34.26866671245531,143,310,146
34.28179699513316,143,317,170
34.29492727781101,128,285,128
34.30805756048887,142,297,137
34.321187843166726,145,289,158
34.334318125844575,141,328,140
34.34744840852244,139,311,181
34.36057869120029,148,332,151
34.373708973878145,159,325,128
34.386839256556,132,300,152
34.39996953923385,142,310,143
34.41309982191171,153,333,144
34.426230104589564,160,317,157
34.43936038726741,172,311,166
34.45249066994528,161,322,130
34.46562095262313,160,293,134
34.47875123530098,160,324,167
34.49188151797884,169,342,148
34.50501180065669,172,362,157
34.518142083334546,161,325,141
34.5312723660124,163,327,120
34.54440264869025,169,315,145
34.557532931368115,167,356,174
34.570663214045965,154,334,137
34.58379349672382,185,368,151
34.59692377940168,174,315,169
34.61005406207953,167,306,131
34.623184344757384,168,332,124
34.63631462743524,158,372,145
34.6494449101131,171,341,162
34.66257519279095,178,342,138
34.6757054754688,157,349,156
34.68883575814666,150,323,136
34.701966040824516,190,302,131
34.715096323502365,140,347,161
34.72822660618023,158,334,175
34.74135688885808,152,342,146
34.754487171535935,153,325,136
34.76761745421379,157,351,148
34.78074773689164,155,330,147
34.7938780195695,173,289,138
34.807008302247354,150,336,117
34.8201385849252,167,332,142
34.83326886760307,192,367,123
34.84639915028092,198,354,143
34.85952943295877,223,387,153
34.87265971563663,196,330,140
34.88578999831448,205,360,162
34.898920280992336,237,324,141
34.91205056367019,195,350,142
34.92518084634804,182,361,134
34.938311129025905,199,371,150
34.951441411703755,197,338,139
34.96457169438161,181,336,135
34.97770197705947,194,358,131
34.99083225973732,161,316,152
35.003962542415174,196,328,135
35.01709282509303,182,363,146
35.03022310777088,156,340,148
35.04335339044874,182,324,144
35.05648367312659,186,319,131
35.06961395580445,153,326,126
35.082744238482306,171,338,161
35.095874521160155,163,341,147
35.10900480383801,163,312,148
35.12213508651587,160,316,153
35.13526536919372,162,326,146
35.14839565187158,150,310,136
35.16152593454943,157,315,145
35.17465621722729,143,307,152
35.187786499905144,161,278,155
35.20091678258299,128,315,151
35.21404706526085,155,305,155
35.22717734793871,153,290,178
35.240307630616556,162,301,150
35.25343791329442,153,318,175
35.26656819597227,184,331,169
35.279698478650126,200,309,164
35.29282876132798,159,304,136
35.30595904400583,196,370,163
35.31908932668369,195,359,160
35.332219609361545,232,352,155
35.345349892039394,228,369,170
35.35848017471726,188,385,155
35.37161045739511,226,392,138
35.384740740072964,246,360,153
35.39787102275082,227,362,155
35.41100130542867,222,351,157
35.42413158810653,242,354,164
35.43726187078438,209,365,136
35.45039215346224,245,375,158
35.463522436140096,175,348,129
35.476652718817945,207,332,146
35.4897830014958,181,370,153
35.50291328417366,187,380,155
35.51604356685151,190,359,147
35.52917384952937,197,353,135
35.54230413220722,203,359,157
35.55543441488508,197,337,140
35.568564697562934,187,339,154
35.58169498024078,180,330,136
35.59482526291864,171,343,128
35.607955545596496,161,315,152
35.621085828274346,151,275,132
35.63421611095221,157,279,145
35.64734639363006,155,348,130
35.660476676307916,158,316,137
35.67360695898577,129,306,172
35.68673724166362,143,277,133
35.69986752434148,155,304,125
35.712997807019335,154,295,159
35.726128089697184,142,305,127
35.73925837237505,138,304,146
35.7523886550529,138,299,124
35.765518937730754,135,308,128
35.77864922040861,138,333,119
35.79177950308646,140,300,128
35.804909785764316,167,320,133
35.81804006844217,171,349,119
35.83117035112002,199,321,123
35.844300633797886,199,357,108
35.857430916475735,174,363,118
35.87056119915359,184,326,111
35.88369148183145,174,325,136
35.8968217645093,157,303,112
35.909952047187154,194,356,118
35.92308232986501,223,359,125
35.93621261254286,230,357,115
35.949342895220724,271,346,113
35.96247317789857,215,364,128
35.97560346057643,172,354,126
35.988733743254286,173,327,133
36.001864025932136,176,342,115
36.01499430860999,194,345,118
36.02812459128785,171,316,116
36.041254873965705,189,332,120
36.054385156643555,175,342,128
36.06751543932141,162,321,138
36.08064572199927,130,296,119
36.093776004677125,112,278,116
36.106906287354974,134,272,132
36.12003657003283,129,312,126
36.13316685271069,136,295,119
36.146297135388544,118,301,114
36.1594274180664,127,294,144
36.17255770074425,109,296,111
36.185687983422106,106,284,114
36.19881826609996,130,284,145
36.21194854877782,111,290,123
36.22507883145567,108,305,124
36.238209114133525,116,293,121
36.25133939681138,124,249,114
36.26446967948924,109,273,112
36.27759996216709,106,263,109
36.290730244844944,110,307,120
36.3038605275228,130,256,98
36.31699081020066,128,277,131
36.33012109287851,117,268,115
36.34325137555636,127,306,123
36.35638165823422,123,299,119
36.369511940912076,134,272,98
36.382642223589926,121,288,124
36.39577250626778,108,274,129
36.40890278894564,116,278,108
36.422033071623495,133,241,112
36.435163354301345,131,295,112
36.4482936369792,105,275,102
36.46142391965706,155,298,103
36.474554202334915,129,268,118
36.487684485012764,133,266,115
36.50081476769062,133,290,113
36.51394505036848,130,299,96
36.527075333046334,124,263,93
36.54020561572418,128,269,134
36.55333589840204,134,265,120
36.566466181079896,140,286,113
36.57959646375775,114,285,111
36.5927267464356,125,296,108
36.60585702911346,137,279,110
36.618987311791315,161,269,118
36.63211759446917,137,258,108
36.64524787714702,130,293,117
36.65837815982488,108,301,114
36.671508442502734,106,269,116
36.68463872518059,138,260,118
36.69776900785844,133,263,104
36.7108992905363,116,284,104
36.72402957321415,116,261,114
36.73715985589201,118,304,120
36.75029013856986,102,285,135
36.763420421247716,117,248,137
36.77655070392557,127,279,135
36.78968098660343,113,274,114
36.80281126928128,115,295,133
36.815941551959135,99,311,118
36.82907183463699,116,238,104
36.84220211731485,130,267,108
36.8553323999927,93,306,94
36.868462682670554,132,258,105
36.88159296534841,121,249,119
36.89472324802627,121,322,101
36.907853530704124,123,318,122
36.92098381338197,134,257,120
36.93411409605983,128,258,118
36.947244378737686,133,288,122
36.96037466141554,125,295,120
36.97350494409339,128,307,119
36.98663522677125,138,280,117
36.999765509449105,140,310,104
37.01289579212696,113,271,105
37.02602607480481,123,282,102
37.03915635748267,114,302,119
37.052286640160524,122,279,114
37.06541692283838,105,273,112
37.07854720551623,128,268,123
37.09167748819409,114,270,94
37.10480777087194,122,265,123
37.1179380535498,122,264,102
37.13106833622765,112,290,100
37.144198618905506,125,267,115
37.15732890158336,111,277,103
37.17045918426122,119,275,122
37.18358946693907,126,280,92
37.196719749616925,120,259,126
37.20985003229478,112,280,130
37.22298031497264,100,292,114
37.23611059765049,133,298,115
37.249240880328344,120,249,119
37.2623711630062,107,260,123
37.27550144568406,109,249,123
37.288631728361906,134,258,123
37.30176201103976,133,308,98
37.31489229371762,99,283,115
37.328022576395476,110,288,104
37.341152859073325,128,314,110
37.35428314175118,138,263,91
37.36741342442904,121,297,110
37.380543707106895,114,292,107
37.393673989784745,128,281,120
37.4068042724626,146,302,111
37.41993455514046,122,276,100
37.433064837818314,127,274,109
37.446195120496164,126,315,122
37.45932540317402,139,292,108
37.47245568585188,156,286,109
37.48558596852973,145,279,124
37.49871625120758,171,297,103
37.51184653388544,154,319,104
37.524976816563296,163,327,118
37.53810709924115,196,343,100
37.551237381919,216,305,121
37.56436766459686,261,395,112
37.577497947274715,305,441,113
37.59062822995257,381,454,119
37.60375851263042,542,615,92
37.61688879530828,711,725,108
37.630019077986134,750,747,115
37.64314936066399,620,655,88
37.65627964334185,440,518,108
37.669409926019696,359,421,119
37.68254020869755,356,410,98
37.69567049137541,362,449,130
37.708800774053266,405,509,107
37.721931056731115,487,591,93
37.73506133940897,443,502,109
37.74819162208683,376,410,122
37.761321904764685,238,329,94
37.774452187442535,225,318,105
37.78758247012039,184,330,111
37.80071275279825,178,292,104
37.813843035476104,161,326,99
37.826973318153954,146,320,103
37.84010360083181,133,256,115
37.85323388350967,115,305,106
37.86636416618752,113,282,114
37.87949444886537,107,275,96
37.89262473154323,111,259,116
37.905755014221086,126,278,104
37.91888529689894,122,265,102
37.93201557957679,100,277,100
37.94514586225465,111,240,103
37.958276144932505,108,276,121
37.97140642761036,123,266,127
37.98453671028821,92,261,109
37.99766699296607,98,269,100
38.010797275643924,127,247,80
38.02392755832178,127,250,104
38.03705784099963,114,241,85
38.050188123677486,134,266,99
38.06331840635534,123,238,83
38.0764486890332,126,260,99
38.08957897171105,117,240,115
38.102709254388905,108,281,111
38.11583953706676,116,246,97
38.12896981974462,114,233,109
38.14210010242247,122,227,88
38.155230385100324,106,277,94
38.16836066777818,149,271,102
38.18149095045604,110,265,105
38.19462123313389,142,289,108
38.207751515811744,154,281,98
38.2208817984896,155,308,100
38.23401208116746,175,296,101
38.247142363845306,188,352,111
38.26027264652316,209,340,101
38.27340292920102,211,371,89
38.286533211878876,201,314,98
38.299663494556725,181,308,101
38.31279377723458,170,317,115
38.32592405991244,177,296,114
38.339054342590295,192,331,109
38.352184625268144,195,330,112
38.365314907946,204,362,100
38.37844519062386,173,296,131
38.391575473301714,187,336,103
38.40470575597957,202,341,101
38.41783603865742,211,326,100
38.430966321335276,210,330,97
38.44409660401313,231,361,84
38.45722688669099,203,363,105
38.47035716936884,200,328,100
38.483487452046695,179,334,96
38.49661773472455,170,277,101
38.50974801740241,134,318,101
38.52287830008026,168,311,107
38.536008582758114,161,301,95
38.54913886543597,159,317,97
38.56226914811383,145,279,81
38.57539943079168,137,286,91
38.58852971346953,112,249,92
38.60165999614739,118,268,103
38.61479027882525,122,283,97
38.627920561503096,115,226,96
38.64105084418095,121,261,84
38.65418112685881,117,269,96
38.667311409536666,133,268,106
38.680441692214515,92,260,89
38.69357197489237,104,269,107
38.70670225757023,98,248,95
38.719832540248085,100,220,91
38.732962822925934,127,269,115
38.74609310560379,100,250,111
38.75922338828165,117,274,87
38.772353670959504,105,216,104
38.78548395363735,96,238,88
38.79861423631521,116,239,93
38.811744518993066,111,262,75
38.82487480167092,111,266,78
38.83800508434877,99,229,123
38.85113536702663,107,281,88
38.864265649704485,108,256,103
38.87739593238234,97,258,100
38.89052621506019,119,258,107
38.90365649773805,113,271,88
38.916786780415904,93,240,96
38.92991706309376,110,222,93
38.94304734577161,105,238,101
38.95617762844947,105,246,103
38.96930791112732,120,237,99
38.98243819380518,118,243,94
38.99556847648303,108,289,98
39.008698759160886,102,233,77
39.02182904183874,118,235,85
39.0349593245166,116,244,107
39.04808960719445,117,271,101
39.061219889872305,118,278,94
39.07435017255016,105,230,95
39.08748045522802,101,238,97
39.10061073790587,132,236,81
39.113741020583724,112,263,103
39.12687130326158,135,279,91
39.14000158593944,154,287,99
39.153131868617294,169,305,90
39.16626215129514,187,340,113
39.179392433973,188,318,88
39.192522716650856,211,366,88
39.20565299932871,196,337,91
39.21878328200656,190,278,88
39.23191356468442,178,287,101
39.245043847362275,179,281,106
39.25817413004013,141,288,97
39.27130441271798,160,295,97
39.28443469539584,153,298,99
39.297564978073694,143,289,91
39.31069526075155,138,266,90
39.3238255434294,148,282,81
39.33695582610726,115,278,86
39.35008610878511,123,248,97
39.36321639146297,118,257,90
39.37634667414082,94,268,90
39.389476956818676,117,239,83
39.40260723949653,94,235,86
39.41573752217439,106,263,77
39.42886780485224,118,242,89
39.441998087530095,110,243,99
39.45512837020795,92,236,85
39.46825865288581,107,226,101
39.48138893556366,100,256,87
39.494519218241514,111,236,86
39.50764950091937,106,248,81
39.52077978359723,90,242,84
39.53391006627508,86,237,91
39.54704034895293,90,219,101
39.56017063163079,108,228,97
39.573300914308646,88,236,90
39.586431196986496,97,248,79
39.59956147966435,102,239,95
39.61269176234221,76,214,96
39.625822045020065,73,265,95
39.638952327697915,105,217,84
39.65208261037577,78,262,91
39.66521289305363,98,230,97
39.678343175731484,72,222,92
39.691473458409334,107,196,105
39.70460374108719,97,195,84
39.71773402376505,115,271,111
39.7308643064429,79,235,84
39.74399458912075,103,216,89
39.75712487179861,92,240,93
39.770255154476466,96,226,95
39.78338543715432,98,235,90
39.79651571983217,103,259,66
39.80964600251003,103,267,89
39.822776285187885,100,232,100
39.83590656786574,113,241,108
39.84903685054359,91,237,92
39.86216713322145,92,259,100
39.875297415899304,93,240,101
39.88842769857716,108,257,102
39.90155798125502,111,259,81
39.91468826393287,128,234,90
39.92781854661072,83,236,106
39.94094882928858,103,249,93
39.954079111966436,110,271,85
39.967209394644286,96,287,91
39.98033967732214,92,239,104
39.99346996,93,213,102
