"2Theta","J_SF_250_AD","J_SF_250_GL","J_SF_250_HT"
4.00336514,464,420,444
4.016495422677854,408,395,421
4.029625705355709,443,400,436
4.042755988033564,420,428,454
4.055886270711419,455,457,469
4.0690165533892735,451,462,447
4.082146836067128,476,416,458
4.095277118744983,442,441,462
4.108407401422838,480,432,464
4.1215376841006925,460,428,443
4.134667966778547,473,436,472
4.147798249456402,492,457,452
4.160928532134257,477,457,458
4.174058814812112,442,475,428
4.187189097489966,469,397,428
4.200319380167822,435,422,450
4.213449662845677,448,449,449
4.2265799455235316,427,452,468
4.239710228201386,473,449,447
4.252840510879241,463,473,390
4.265970793557096,445,472,469
4.279101076234951,474,456,421
4.292231358912805,451,434,428
4.30536164159066,454,468,402
4.318491924268515,458,426,449
4.33162220694637,450,419,434
4.3447524896242244,477,408,463
4.357882772302079,454,447,440
4.371013054979934,433,410,432
4.384143337657789,447,433,462
4.3972736203356435,496,464,467
4.410403903013498,459,500,426
4.423534185691353,474,428,492
4.436664468369208,471,457,454
4.449794751047063,465,450,438
4.462925033724917,491,487,455
4.476055316402772,461,500,515
4.489185599080627,440,456,433
4.502315881758482,496,453,436
4.515446164436336,464,456,479
4.528576447114191,497,466,491
4.541706729792047,497,474,465
4.554837012469902,476,510,483
4.567967295147756,497,495,435
4.581097577825611,472,485,448
4.594227860503466,472,494,488
4.607358143181321,483,465,485
4.620488425859175,514,480,484
4.63361870853703,509,511,461
4.646748991214885,497,457,491
4.65987927389274,506,493,464
4.6730095565705945,541,522,496
4.686139839248449,490,519,543
4.699270121926304,482,515,497
4.712400404604159,497,509,489
4.7255306872820135,492,517,514
4.738660969959868,505,551,510
4.751791252637723,517,540,499
4.764921535315578,493,503,528
4.778051817993433,577,516,534
4.791182100671287,497,538,537
4.804312383349142,541,548,492
4.817442666026997,547,537,511
4.830572948704852,517,525,510
4.843703231382706,541,528,516
4.856833514060561,569,552,533
4.869963796738416,570,523,554
4.883094079416271,559,559,556
4.8962243620941255,552,614,541
4.90935464477198,539,609,526
4.922484927449835,554,592,490
4.93561521012769,536,569,533
4.9487454928055445,560,567,533
4.9618757754834,525,570,528
4.975006058161255,551,557,576
4.98813634083911,549,594,553
5.0012666235169645,569,636,567
5.014396906194819,590,621,593
5.027527188872674,624,610,555
5.040657471550529,594,592,542
5.0537877542283836,639,624,606
5.066918036906238,588,619,575
5.080048319584093,571,620,596
5.093178602261948,600,635,588
5.106308884939803,617,675,619
5.119439167617657,624,620,543
5.132569450295512,596,652,579
5.145699732973367,612,628,616
5.158830015651222,595,623,547
5.1719602983290764,624,659,602
5.185090581006931,551,690,608
5.198220863684786,670,670,587
5.211351146362641,635,626,640
5.2244814290404955,650,605,610
5.23761171171835,592,629,619
5.250741994396205,606,623,618
5.263872277074061,643,658,624
5.2770025597519155,662,614,592
5.29013284242977,652,620,586
5.303263125107625,667,625,572
5.31639340778548,722,646,628
5.3295236904633345,647,622,633
5.342653973141189,624,637,611
5.355784255819044,738,643,620
5.368914538496899,678,628,675
5.382044821174754,655,623,592
5.395175103852608,711,614,601
5.408305386530463,691,636,618
5.421435669208318,701,666,630
5.434565951886173,678,606,661
5.447696234564027,722,632,645
5.460826517241882,729,637,628
5.473956799919737,746,622,699
5.487087082597592,723,632,640
5.5002173652754465,717,657,670
5.513347647953301,765,635,667
5.526477930631156,793,614,618
5.539608213309011,686,642,643
5.5527384959868655,790,639,641
5.56586877866472,747,627,704
5.578999061342575,733,608,678
5.59212934402043,744,566,686
5.605259626698285,814,609,666
5.618389909376139,737,636,664
5.631520192053994,730,612,694
5.644650474731849,766,663,675
5.657780757409704,754,650,653
5.670911040087558,767,618,695
5.684041322765413,801,645,665
5.697171605443268,779,657,664
5.710301888121123,770,657,738
5.7234321707989775,813,591,700
5.736562453476833,806,677,671
5.749692736154688,769,616,679
5.762823018832543,770,623,708
5.775953301510397,802,597,666
5.789083584188252,781,609,668
5.802213866866107,813,689,715
5.815344149543962,839,653,684
5.8284744322218165,776,635,709
5.841604714899671,829,637,703
5.854734997577526,802,652,728
5.867865280255381,838,630,689
5.8809955629332356,786,644,707
5.89412584561109,806,676,730
5.907256128288945,820,670,684
5.9203864109668,795,679,705
5.933516693644655,775,619,724
5.946646976322509,794,668,763
5.959777259000364,801,685,703
5.972907541678219,832,700,725
5.986037824356074,805,601,749
5.9991681070339284,788,665,729
6.012298389711784,813,638,715
6.025428672389639,836,695,718
6.038558955067494,774,685,704
6.051689237745348,811,645,746
6.064819520423203,831,674,670
6.077949803101058,810,693,728
6.091080085778913,778,691,718
6.1042103684567675,759,669,732
6.117340651134622,786,642,746
6.130470933812477,804,659,792
6.143601216490332,739,680,782
6.1567314991681865,784,679,764
6.169861781846041,819,650,735
6.182992064523896,824,677,739
6.196122347201751,830,625,758
6.209252629879606,852,686,752
6.22238291255746,799,684,743
6.235513195235315,811,665,803
6.24864347791317,739,630,747
6.261773760591025,766,691,779
6.274904043268879,768,700,792
6.288034325946734,790,659,752
6.301164608624589,784,673,735
6.314294891302444,764,700,803
6.3274251739802985,863,676,725
6.340555456658153,789,677,774
6.353685739336008,818,708,739
6.366816022013863,821,700,737
6.3799463046917175,828,702,761
6.393076587369572,791,663,714
6.406206870047427,814,665,802
6.419337152725282,834,713,760
6.432467435403137,840,692,787
6.445597718080991,796,668,804
6.458728000758846,794,665,751
6.471858283436701,777,661,746
6.484988566114556,802,665,765
6.49811884879241,794,698,749
6.511249131470265,812,677,768
6.524379414148121,804,650,845
6.537509696825976,857,678,776
6.55063997950383,827,709,825
6.563770262181685,807,705,827
6.57690054485954,765,706,836
6.590030827537395,881,711,825
6.603161110215249,845,726,821
6.616291392893104,760,746,784
6.629421675570959,818,741,791
6.642551958248814,796,711,848
6.6556822409266685,828,714,818
6.668812523604523,811,764,801
6.681942806282378,841,682,776
6.695073088960233,864,771,825
6.7082033716380876,850,726,833
6.721333654315943,867,710,814
6.734463936993798,824,690,878
6.747594219671653,834,740,825
6.7607245023495075,816,728,811
6.773854785027362,852,682,811
6.786985067705217,901,771,872
6.800115350383072,761,755,835
6.813245633060927,895,729,818
6.826375915738781,808,714,805
6.839506198416636,841,760,806
6.852636481094491,897,752,808
6.865766763772346,818,693,815
6.8788970464502,871,747,824
6.892027329128055,825,749,887
6.90515761180591,862,726,868
6.918287894483765,896,708,827
6.9314181771616195,883,685,830
6.944548459839474,865,725,882
6.957678742517329,884,690,804
6.970809025195184,878,716,802
6.9839393078730385,881,744,863
6.997069590550893,922,739,863
7.010199873228748,929,743,847
7.023330155906603,854,692,889
7.036460438584458,902,758,842
7.049590721262312,884,682,828
7.062721003940167,874,766,845
7.075851286618022,926,725,873
7.088981569295877,901,743,896
7.102111851973731,856,758,852
7.115242134651586,848,731,846
7.128372417329441,827,746,839
7.141502700007296,867,765,842
7.1546329826851505,926,720,887
7.167763265363005,894,707,869
7.18089354804086,927,748,882
7.194023830718715,834,720,860
7.2071541133965695,956,702,864
7.220284396074424,850,759,844
7.233414678752279,914,705,910
7.246544961430134,925,702,865
7.259675244107989,884,720,846
7.272805526785844,911,725,962
7.285935809463699,957,716,829
7.299066092141554,917,739,890
7.3121963748194085,890,730,899
7.325326657497263,943,729,923
7.338456940175118,898,718,869
7.351587222852973,923,705,909
7.364717505530828,844,692,918
7.377847788208682,864,745,880
7.390978070886537,942,710,909
7.404108353564392,932,765,944
7.417238636242247,896,726,923
7.430368918920101,896,714,957
7.443499201597956,937,764,889
7.456629484275811,922,720,918
7.469759766953667,982,733,908
7.482890049631521,906,706,913
7.496020332309376,899,730,949
7.509150614987231,903,726,898
7.522280897665086,871,738,935
7.53541118034294,940,703,939
7.548541463020795,926,719,926
7.56167174569865,947,707,991
7.574802028376505,934,753,903
7.5879323110543595,936,742,897
7.601062593732214,905,705,991
7.614192876410069,888,747,952
7.627323159087924,953,733,943
7.640453441765779,861,734,928
7.653583724443633,941,761,952
7.666714007121488,945,721,942
7.679844289799343,971,802,892
7.692974572477198,923,742,958
7.706104855155052,943,707,960
7.719235137832907,955,738,874
7.732365420510762,909,727,991
7.745495703188617,950,722,940
7.7586259858664715,895,747,917
7.771756268544326,929,680,981
7.784886551222181,932,683,965
7.798016833900036,938,721,955
7.8111471165778905,927,778,1039
7.824277399255745,914,769,968
7.8374076819336,967,704,1019
7.850537964611455,867,695,1003
7.86366824728931,924,736,964
7.876798529967164,973,750,1019
7.889928812645019,920,756,997
7.903059095322874,895,737,975
7.916189378000729,908,706,970
7.929319660678583,894,738,1041
7.942449943356438,893,734,977
7.955580226034293,938,736,1005
7.968710508712148,899,708,986
7.9818407913900025,981,740,1003
7.994971074067857,978,718,1010
8.008101356745712,1010,747,1018
8.021231639423569,880,723,1037
8.034361922101422,982,729,1015
8.047492204779278,957,780,1090
8.060622487457131,871,699,1076
8.073752770134988,946,759,1053
8.08688305281284,889,752,1082
8.100013335490697,959,730,1083
8.11314361816855,900,668,1117
8.126273900846407,939,723,1067
8.13940418352426,926,771,1077
8.152534466202116,914,707,1114
8.16566474887997,896,745,1142
8.178795031557826,916,694,1108
8.191925314235679,933,686,1051
8.205055596913535,950,742,1154
8.218185879591388,910,761,1061
8.231316162269245,950,760,1124
8.244446444947098,936,780,1117
8.257576727624954,935,747,1117
8.270707010302807,934,707,1193
8.283837292980664,905,718,1187
8.296967575658517,920,746,1208
8.310097858336373,930,758,1173
8.323228141014228,924,711,1238
8.336358423692083,916,737,1200
8.349488706369938,953,764,1191
8.362618989047792,929,707,1239
8.375749271725647,942,780,1237
8.388879554403502,934,761,1194
8.402009837081357,948,708,1257
8.4151401197592115,930,702,1281
8.428270402437066,905,775,1302
8.441400685114921,937,744,1292
8.454530967792776,923,739,1318
8.46766125047063,937,723,1331
8.480791533148485,869,788,1295
8.49392181582634,875,746,1374
8.507052098504195,885,826,1319
8.52018238118205,956,749,1336
8.533312663859904,925,770,1466
8.54644294653776,911,799,1355
8.559573229215614,934,771,1482
8.572703511893469,927,756,1460
8.585833794571323,936,796,1544
8.598964077249178,963,772,1455
8.612094359927033,924,774,1469
8.625224642604888,972,777,1506
8.638354925282743,959,782,1487
8.651485207960597,927,783,1462
8.664615490638452,969,770,1531
8.677745773316307,1004,789,1485
8.690876055994163,993,768,1527
8.704006338672016,1020,801,1547
8.717136621349873,971,782,1592
8.730266904027726,960,698,1507
8.743397186705582,989,768,1476
8.756527469383435,1004,771,1500
8.769657752061292,975,755,1522
8.782788034739145,988,779,1438
8.795918317417001,1005,789,1450
8.809048600094854,967,842,1525
8.822178882772711,941,825,1436
8.835309165450564,832,767,1423
8.84843944812842,901,807,1444
8.861569730806274,847,774,1444
8.87470001348413,859,715,1404
8.887830296161983,844,762,1341
8.90096057883984,843,803,1367
8.914090861517693,838,762,1313
8.92722114419555,821,824,1383
8.940351426873402,843,781,1324
8.953481709551259,762,772,1265
8.966611992229112,856,739,1303
8.979742274906968,778,797,1223
8.992872557584821,815,773,1175
9.006002840262678,822,795,1189
9.01913312294053,819,748,1162
9.032263405618387,817,779,1194
9.045393688296242,747,773,1085
9.058523970974097,786,781,1160
9.071654253651952,747,763,1095
9.084784536329806,763,773,1129
9.097914819007661,789,793,1063
9.111045101685516,821,776,1034
9.12417538436337,748,811,1071
9.137305667041225,768,792,1048
9.15043594971908,682,775,895
9.163566232396935,756,749,994
9.17669651507479,734,719,991
9.189826797752644,781,759,992
9.2029570804305,749,739,962
9.216087363108354,752,766,950
9.229217645786209,740,726,959
9.2423479284640635,738,722,924
9.255478211141918,721,740,924
9.268608493819773,785,758,856
9.281738776497628,758,780,899
9.294869059175483,713,730,845
9.307999341853337,703,737,846
9.321129624531192,691,733,895
9.334259907209047,668,750,837
9.347390189886902,700,761,800
9.360520472564756,712,732,807
9.373650755242611,680,763,790
9.386781037920466,715,766,809
9.39991132059832,709,756,813
9.413041603276175,702,670,792
9.42617188595403,695,749,777
9.439302168631887,671,740,813
9.45243245130974,682,713,811
9.465562733987596,735,708,780
9.47869301666545,668,710,802
9.491823299343306,655,725,805
9.504953582021159,693,757,777
9.518083864699015,649,741,769
9.531214147376868,684,736,700
9.544344430054725,645,674,740
9.557474712732578,669,708,759
9.570604995410434,683,668,776
9.583735278088287,679,710,760
9.596865560766144,676,683,730
9.609995843443997,699,685,727
9.623126126121853,656,623,750
9.636256408799706,646,671,778
9.649386691477563,688,726,727
9.662516974155416,683,671,747
9.675647256833273,651,747,683
9.688777539511126,676,643,701
9.701907822188982,574,648,657
9.715038104866835,664,666,700
9.728168387544692,662,651,682
9.741298670222545,637,660,704
9.754428952900401,617,654,652
9.767559235578254,645,633,722
9.78068951825611,676,682,721
9.793819800933965,670,637,733
9.80695008361182,601,674,763
9.820080366289675,634,651,753
9.83321064896753,667,670,715
9.846340931645384,603,633,747
9.85947121432324,613,642,692
9.872601497001094,702,658,667
9.885731779678949,629,679,722
9.898862062356804,629,708,660
9.911992345034658,567,649,674
9.925122627712513,685,658,667
9.938252910390368,595,664,691
9.951383193068223,614,652,648
9.964513475746077,608,657,656
9.977643758423932,630,671,636
9.990774041101787,646,623,693
10.003904323779642,607,656,682
10.017034606457496,638,629,701
10.030164889135351,662,637,693
10.043295171813206,639,683,690
10.05642545449106,624,648,645
10.069555737168915,624,640,647
10.08268601984677,609,657,639
10.095816302524625,657,676,682
10.10894658520248,650,651,665
10.122076867880335,663,561,657
10.13520715055819,623,647,664
10.148337433236044,640,611,651
10.161467715913899,618,656,651
10.174597998591754,592,680,689
10.18772828126961,623,640,700
10.200858563947463,625,659,654
10.21398884662532,581,663,665
10.227119129303173,641,675,654
10.24024941198103,609,645,647
10.253379694658882,564,646,626
10.266509977336739,595,638,636
10.279640260014592,598,622,655
10.292770542692448,633,712,618
10.305900825370301,644,645,645
10.319031108048158,567,599,658
10.33216139072601,605,662,642
10.345291673403867,602,590,667
10.35842195608172,605,636,664
10.371552238759577,595,645,653
10.38468252143743,589,667,661
10.397812804115286,563,685,648
10.41094308679314,624,652,707
10.424073369470996,624,661,661
10.437203652148849,608,682,676
10.450333934826705,595,630,612
10.463464217504558,585,645,676
10.476594500182415,615,610,592
10.489724782860268,639,633,656
10.502855065538125,625,623,622
10.515985348215978,607,665,625
10.529115630893834,594,628,624
10.542245913571689,640,640,652
10.555376196249544,588,660,635
10.568506478927398,670,647,606
10.581636761605253,669,621,648
10.594767044283108,687,591,654
10.607897326960963,663,643,638
10.621027609638817,700,659,576
10.634157892316672,766,637,635
10.647288174994527,700,607,659
10.660418457672382,702,640,599
10.673548740350236,684,616,649
10.686679023028091,643,634,641
10.699809305705946,659,641,639
10.7129395883838,604,629,616
10.726069871061656,614,636,645
10.73920015373951,598,585,627
10.752330436417365,625,599,604
10.76546071909522,582,613,600
10.778591001773075,634,651,653
10.79172128445093,573,596,608
10.804851567128784,589,645,634
10.817981849806639,560,608,620
10.831112132484494,608,597,603
10.844242415162348,553,586,608
10.857372697840203,564,594,578
10.870502980518058,595,578,641
10.883633263195913,582,630,624
10.896763545873767,612,583,632
10.909893828551622,605,615,631
10.923024111229477,605,645,657
10.936154393907334,619,658,615
10.949284676585187,581,602,599
10.962414959263043,594,650,627
10.975545241940896,578,599,563
10.988675524618753,608,635,619
11.001805807296606,568,617,580
11.014936089974462,608,560,588
11.028066372652315,631,637,592
11.041196655330172,633,651,617
11.054326938008025,584,666,624
11.067457220685881,592,623,636
11.080587503363734,599,666,671
11.09371778604159,578,629,623
11.106848068719444,570,595,645
11.1199783513973,589,605,593
11.133108634075153,614,637,626
11.14623891675301,578,583,647
11.159369199430863,621,616,583
11.17249948210872,598,580,595
11.185629764786572,628,568,605
11.198760047464429,653,647,624
11.211890330142282,620,533,595
11.225020612820138,649,615,657
11.238150895497991,622,631,585
11.251281178175848,640,577,604
11.264411460853701,575,625,596
11.277541743531557,618,582,655
11.290672026209412,611,621,592
11.303802308887267,657,574,631
11.316932591565122,620,605,611
11.330062874242977,679,655,587
11.343193156920831,583,608,607
11.356323439598686,591,636,608
11.36945372227654,610,633,610
11.382584004954396,602,598,615
11.39571428763225,624,609,590
11.408844570310105,606,624,586
11.42197485298796,670,678,591
11.435105135665815,687,630,558
11.44823541834367,657,661,611
11.461365701021524,676,628,602
11.474495983699379,700,660,636
11.487626266377234,664,640,598
11.500756549055088,653,655,593
11.513886831732943,704,622,598
11.527017114410798,701,589,579
11.540147397088653,825,625,577
11.553277679766508,760,642,549
11.566407962444362,752,607,603
11.579538245122217,675,629,583
11.592668527800072,716,658,570
11.605798810477927,637,641,603
11.618929093155781,660,649,641
11.632059375833636,634,678,577
11.645189658511491,636,618,600
11.658319941189346,617,643,568
11.6714502238672,633,622,551
11.684580506545057,658,626,567
11.69771078922291,608,673,597
11.710841071900767,666,602,659
11.72397135457862,645,622,607
11.737101637256476,654,638,625
11.750231919934329,648,638,607
11.763362202612186,668,662,577
11.776492485290039,688,630,627
11.789622767967895,656,687,612
11.802753050645748,649,658,592
11.815883333323605,659,660,556
11.829013616001458,663,635,565
11.842143898679314,721,715,577
11.855274181357167,673,658,603
11.868404464035024,688,661,613
11.881534746712877,699,694,575
11.894665029390733,680,690,606
11.907795312068586,657,702,570
11.920925594746443,772,675,616
11.934055877424296,758,747,608
11.947186160102152,795,719,600
11.960316442780005,826,702,608
11.973446725457862,850,772,592
11.986577008135715,870,747,588
11.999707290813571,894,792,595
12.012837573491426,905,807,610
12.02596785616928,934,829,599
12.039098138847136,976,856,636
12.05222842152499,1024,902,625
12.065358704202845,1164,950,716
12.0784889868807,1099,968,706
12.091619269558555,1340,1016,683
12.10474955223641,1352,1127,697
12.117879834914264,1468,1179,758
12.131010117592119,1702,1301,818
12.144140400269974,1833,1429,857
12.157270682947829,1978,1545,858
12.170400965625683,2206,1694,958
12.183531248303538,2567,1865,1002
12.196661530981393,2955,2061,1194
12.209791813659248,3368,2403,1289
12.222922096337102,3945,2850,1378
12.236052379014957,4857,3260,1603
12.249182661692812,5741,4057,1756
12.262312944370667,6944,5016,1758
12.275443227048521,8130,5929,1819
12.288573509726376,8775,6781,1514
12.301703792404231,7967,6312,1357
12.314834075082086,6431,5271,1066
12.32796435775994,4724,3885,937
12.341094640437795,3373,2718,731
12.35422492311565,2326,1911,679
12.367355205793505,1744,1387,635
12.38048548847136,1447,1105,668
12.393615771149214,1145,1006,600
12.406746053827069,1043,888,606
12.419876336504924,998,868,645
12.433006619182779,914,843,564
12.446136901860633,852,799,603
12.459267184538488,800,782,558
12.472397467216343,751,712,564
12.485527749894198,758,748,554
12.498658032572052,730,700,578
12.511788315249907,673,671,560
12.524918597927762,657,716,565
12.538048880605617,669,687,537
12.551179163283471,661,691,521
12.564309445961326,612,658,560
12.577439728639181,633,630,578
12.590570011317036,626,657,549
12.603700293994892,616,616,553
12.616830576672747,629,624,555
12.629960859350602,613,610,557
12.643091142028457,583,579,558
12.656221424706311,560,578,562
12.669351707384166,598,595,546
12.682481990062021,600,593,567
12.695612272739876,556,610,561
12.70874255541773,653,563,590
12.721872838095585,682,579,554
12.73500312077344,621,601,549
12.748133403451295,713,619,521
12.76126368612915,596,556,532
12.774393968807004,577,547,546
12.787524251484859,608,563,544
12.800654534162714,533,587,536
12.813784816840569,544,586,554
12.826915099518423,546,621,554
12.840045382196278,506,535,534
12.853175664874133,535,567,554
12.866305947551988,554,534,559
12.879436230229842,542,576,530
12.892566512907697,513,542,550
12.905696795585552,518,612,565
12.918827078263407,512,586,533
12.931957360941261,523,536,545
12.945087643619116,527,614,525
12.958217926296971,529,551,536
12.971348208974826,542,562,532
12.98447849165268,479,550,522
12.997608774330535,507,542,561
13.01073905700839,504,550,529
13.023869339686245,513,530,545
13.0369996223641,516,543,557
13.050129905041954,552,519,527
13.06326018771981,465,541,513
13.076390470397664,525,611,504
13.089520753075519,520,554,553
13.102651035753373,528,550,530
13.115781318431228,497,551,552
13.128911601109083,507,593,532
13.142041883786938,538,563,507
13.155172166464792,537,547,529
13.168302449142647,529,541,509
13.181432731820502,510,550,514
13.194563014498357,495,581,574
13.207693297176212,525,621,534
13.220823579854066,513,551,564
13.233953862531921,572,580,583
13.247084145209776,496,566,526
13.26021442788763,497,538,568
13.273344710565485,515,574,510
13.28647499324334,474,548,540
13.299605275921195,543,540,521
13.31273555859905,533,556,519
13.325865841276904,506,547,522
13.33899612395476,503,546,515
13.352126406632616,494,510,530
13.36525668931047,487,550,496
13.378386971988325,489,501,512
13.39151725466618,476,508,514
13.404647537344035,490,535,550
13.41777782002189,478,527,464
13.430908102699744,468,571,535
13.444038385377599,451,542,500
13.457168668055454,501,548,490
13.470298950733309,483,566,559
13.483429233411163,502,559,532
13.496559516089018,462,557,501
13.509689798766873,491,558,504
13.522820081444728,482,582,502
13.535950364122582,499,568,537
13.549080646800437,447,565,491
13.562210929478292,456,534,481
13.575341212156147,435,533,550
13.588471494834002,460,545,496
13.601601777511856,478,537,528
13.614732060189711,493,527,528
13.627862342867566,467,541,496
13.64099262554542,509,550,487
13.654122908223275,505,557,490
13.66725319090113,457,511,495
13.680383473578985,489,567,527
13.69351375625684,446,536,471
13.706644038934694,446,534,512
13.71977432161255,458,554,502
13.732904604290404,443,550,509
13.746034886968259,437,568,496
13.759165169646113,416,549,481
13.772295452323968,484,555,463
13.785425735001823,445,483,508
13.798556017679678,449,475,524
13.811686300357533,465,517,517
13.824816583035387,452,545,454
13.837946865713242,461,527,519
13.851077148391097,488,532,519
13.864207431068952,448,546,507
13.877337713746806,439,505,496
13.890467996424661,469,564,497
13.903598279102516,451,510,513
13.91672856178037,458,521,519
13.929858844458225,467,501,524
13.94298912713608,485,549,497
13.956119409813935,448,497,467
13.96924969249179,489,501,493
13.982379975169644,493,539,494
13.9955102578475,435,504,461
14.008640540525354,451,512,471
14.021770823203209,460,497,475
14.034901105881064,444,541,507
14.048031388558918,445,502,491
14.061161671236773,437,592,472
14.074291953914628,462,543,501
14.087422236592484,451,527,503
14.10055251927034,431,525,513
14.113682801948194,440,533,518
14.126813084626049,461,525,509
14.139943367303903,469,499,496
14.153073649981758,447,506,500
14.166203932659613,441,502,484
14.179334215337468,453,483,512
14.192464498015323,452,502,502
14.205594780693177,446,529,478
14.218725063371032,433,523,482
14.231855346048887,458,508,476
14.244985628726742,457,516,483
14.258115911404596,451,496,494
14.271246194082451,439,551,518
14.284376476760306,439,544,508
14.29750675943816,457,526,499
14.310637042116015,450,497,469
14.32376732479387,459,562,477
14.336897607471725,442,504,484
14.35002789014958,446,531,489
14.363158172827434,450,499,480
14.37628845550529,450,556,493
14.389418738183144,463,459,476
14.402549020860999,441,518,497
14.415679303538854,451,566,483
14.428809586216708,437,519,466
14.441939868894563,462,522,432
14.455070151572418,469,549,489
14.468200434250273,459,487,507
14.481330716928127,483,508,456
14.494460999605982,478,528,520
14.507591282283837,473,487,473
14.520721564961692,435,497,492
14.533851847639546,477,508,483
14.546982130317401,423,535,495
14.560112412995256,476,509,489
14.57324269567311,450,542,481
14.586372978350965,459,499,474
14.59950326102882,465,525,481
14.612633543706675,399,517,422
14.62576382638453,466,473,449
14.638894109062385,455,460,512
14.65202439174024,415,515,482
14.665154674418094,457,505,452
14.678284957095949,473,501,506
14.691415239773804,451,539,440
14.704545522451658,443,501,489
14.717675805129513,411,530,453
14.730806087807368,404,555,470
14.743936370485223,454,506,493
14.757066653163077,456,495,472
14.770196935840932,455,488,522
14.783327218518787,409,490,469
14.796457501196642,421,494,428
14.809587783874496,434,443,495
14.822718066552351,431,499,499
14.835848349230208,449,481,467
14.848978631908063,430,539,522
14.862108914585917,404,545,458
14.875239197263772,437,505,490
14.888369479941627,421,540,467
14.901499762619482,406,502,454
14.914630045297336,424,522,463
14.927760327975191,440,498,499
14.940890610653046,402,497,463
14.9540208933309,405,545,476
14.967151176008755,430,516,463
14.98028145868661,443,522,472
14.993411741364465,448,495,462
15.00654202404232,442,504,507
15.019672306720175,432,486,450
15.03280258939803,428,490,475
15.045932872075884,458,459,482
15.059063154753739,448,537,502
15.072193437431594,439,516,461
15.085323720109448,426,485,487
15.098454002787303,451,500,449
15.111584285465158,427,520,481
15.124714568143013,433,502,526
15.137844850820867,389,515,495
15.150975133498722,425,520,485
15.164105416176577,436,486,437
15.177235698854432,496,508,469
15.190365981532286,421,502,421
15.203496264210141,421,545,456
15.216626546887996,430,530,466
15.22975682956585,418,521,489
15.242887112243706,462,507,481
15.25601739492156,445,519,471
15.269147677599415,409,543,505
15.28227796027727,426,524,452
15.295408242955125,427,546,448
15.30853852563298,423,533,460
15.321668808310834,407,514,463
15.334799090988689,465,505,504
15.347929373666544,443,544,443
15.361059656344398,370,512,497
15.374189939022253,414,500,459
15.387320221700108,422,499,441
15.400450504377963,372,525,446
15.413580787055817,392,553,472
15.426711069733672,428,543,414
15.439841352411527,430,537,475
15.452971635089382,464,549,422
15.466101917767237,366,495,471
15.479232200445091,396,506,469
15.492362483122946,413,502,427
15.5054927658008,401,532,502
15.518623048478656,409,527,433
15.53175333115651,408,525,456
15.544883613834365,413,533,463
15.55801389651222,407,493,468
15.571144179190075,450,493,449
15.584274461867931,396,530,469
15.597404744545786,383,499,494
15.61053502722364,415,500,481
15.623665309901495,458,485,469
15.63679559257935,454,523,447
15.649925875257205,450,482,459
15.66305615793506,440,521,431
15.676186440612915,417,471,482
15.68931672329077,419,535,445
15.702447005968624,428,495,450
15.715577288646479,406,521,439
15.728707571324334,409,505,461
15.741837854002188,398,500,423
15.754968136680043,420,489,474
15.768098419357898,412,546,426
15.781228702035753,429,485,461
15.794358984713607,364,518,465
15.807489267391462,410,480,457
15.820619550069317,416,539,455
15.833749832747172,401,517,410
15.846880115425027,427,507,472
15.860010398102881,377,513,455
15.873140680780736,395,545,447
15.88627096345859,390,552,442
15.899401246136446,431,514,463
15.9125315288143,433,524,450
15.925661811492155,402,500,462
15.93879209417001,415,473,480
15.951922376847865,421,516,410
15.96505265952572,403,533,460
15.978182942203574,449,519,455
15.991313224881429,402,535,443
16.004443507559284,443,533,491
16.017573790237137,401,535,466
16.030704072914993,398,496,450
16.04383435559285,386,506,466
16.056964638270703,433,517,455
16.070094920948556,419,489,446
16.083225203626412,416,489,446
16.09635548630427,417,515,426
16.109485768982122,416,527,458
16.122616051659975,391,502,443
16.13574633433783,386,563,423
16.148876617015688,434,501,442
16.16200689969354,416,518,440
16.175137182371394,386,504,488
16.18826746504925,416,529,469
16.201397747727107,378,525,477
16.21452803040496,466,527,499
16.227658313082813,404,539,424
16.24078859576067,395,511,471
16.253918878438526,415,516,450
16.26704916111638,444,537,436
16.280179443794232,416,530,452
16.29330972647209,421,487,441
16.306440009149945,397,511,474
16.319570291827798,420,535,454
16.332700574505655,387,490,409
16.345830857183508,411,510,445
16.358961139861364,442,566,437
16.37209142253922,404,480,477
16.385221705217074,404,501,439
16.398351987894927,388,488,474
16.411482270572783,395,522,433
16.42461255325064,425,513,443
16.437742835928493,384,537,445
16.450873118606346,417,552,473
16.464003401284202,428,540,455
16.47713368396206,423,527,467
16.490263966639912,375,521,466
16.503394249317765,394,524,439
16.51652453199562,433,527,411
16.529654814673478,413,522,459
16.54278509735133,399,571,445
16.555915380029184,412,505,432
16.56904566270704,408,581,442
16.582175945384897,429,498,478
16.59530622806275,393,479,443
16.608436510740603,404,523,452
16.62156679341846,400,557,456
16.634697076096316,410,550,479
16.64782735877417,418,518,471
16.660957641452022,408,552,463
16.67408792412988,414,508,404
16.687218206807735,409,520,436
16.700348489485588,409,545,486
16.71347877216344,402,518,459
16.726609054841298,372,493,450
16.739739337519154,390,540,480
16.752869620197007,418,526,468
16.76599990287486,377,532,462
16.779130185552717,439,562,472
16.792260468230573,427,541,428
16.805390750908426,388,599,472
16.81852103358628,397,499,464
16.831651316264136,402,570,453
16.844781598941992,425,494,456
16.857911881619845,423,586,457
16.871042164297698,425,555,467
16.884172446975555,420,572,460
16.89730272965341,400,535,425
16.910433012331264,386,603,437
16.923563295009117,439,579,476
16.936693577686974,418,603,464
16.94982386036483,427,584,476
16.962954143042683,386,588,439
16.976084425720536,421,535,438
16.989214708398393,423,555,453
17.00234499107625,421,564,488
17.015475273754102,406,578,449
17.028605556431955,437,564,463
17.041735839109812,433,589,483
17.05486612178767,409,564,467
17.06799640446552,429,553,491
17.081126687143378,406,516,480
17.09425696982123,420,578,474
17.107387252499088,418,566,470
17.120517535176944,434,544,489
17.133647817854797,438,582,462
17.14677810053265,449,583,475
17.159908383210507,417,562,505
17.173038665888363,459,582,526
17.186168948566216,424,535,445
17.19929923124407,436,551,483
17.212429513921926,432,544,543
17.225559796599782,441,552,517
17.238690079277635,492,577,500
17.251820361955488,447,546,492
17.264950644633345,441,580,464
17.2780809273112,471,589,467
17.291211209989054,435,569,491
17.304341492666907,450,591,455
17.317471775344764,468,523,506
17.33060205802262,471,611,475
17.343732340700473,433,567,537
17.356862623378326,469,558,523
17.369992906056183,476,505,520
17.38312318873404,461,541,501
17.396253471411892,466,574,515
17.409383754089745,476,563,500
17.422514036767602,470,562,536
17.43564431944546,450,594,538
17.44877460212331,454,555,531
17.461904884801164,473,545,503
17.47503516747902,493,576,540
17.488165450156878,492,571,544
17.50129573283473,482,522,543
17.514426015512583,452,594,555
17.52755629819044,473,586,519
17.540686580868297,496,557,590
17.55381686354615,527,560,582
17.566947146224003,519,571,572
17.58007742890186,502,541,563
17.593207711579716,534,540,548
17.60633799425757,494,539,541
17.61946827693542,504,519,560
17.632598559613278,527,611,577
17.645728842291135,540,570,582
17.658859124968988,528,537,550
17.67198940764684,524,540,561
17.685119690324697,530,579,568
17.698249973002554,532,547,545
17.711380255680407,511,582,591
17.72451053835826,558,535,600
17.737640821036116,523,613,616
17.750771103713973,528,602,591
17.763901386391826,590,572,548
17.77703166906968,596,589,599
17.790161951747535,573,586,562
17.803292234425392,559,601,597
17.816422517103245,518,569,559
17.8295527997811,518,566,548
17.842683082458954,527,577,558
17.85581336513681,522,555,534
17.868943647814667,497,615,566
17.88207393049252,514,581,536
17.895204213170373,484,542,535
17.90833449584823,443,572,533
17.921464778526087,472,579,558
17.93459506120394,505,557,515
17.947725343881793,489,543,534
17.96085562655965,496,585,538
17.973985909237506,513,574,511
17.98711619191536,470,552,549
18.00024647459321,475,572,559
18.013376757271068,487,517,535
18.026507039948925,484,583,485
18.039637322626778,444,561,482
18.05276760530463,466,581,529
18.065897887982487,456,589,501
18.079028170660344,447,614,556
18.092158453338197,464,560,497
18.10528873601605,459,572,514
18.118419018693906,435,554,452
18.131549301371763,440,585,513
18.144679584049616,421,548,475
18.15780986672747,428,558,499
18.170940149405325,418,549,494
18.184070432083182,404,553,471
18.197200714761035,396,580,455
18.210330997438888,441,545,443
18.223461280116744,436,567,478
18.2365915627946,437,547,460
18.249721845472454,395,567,469
18.262852128150307,392,583,479
18.275982410828163,387,556,449
18.28911269350602,428,544,469
18.302242976183873,445,576,458
18.315373258861726,407,541,444
18.328503541539582,428,528,491
18.34163382421744,416,571,450
18.354764106895292,432,573,454
18.367894389573145,395,538,467
18.381024672251,407,535,419
18.394154954928858,394,570,434
18.40728523760671,397,518,423
18.420415520284564,367,580,405
18.43354580296242,377,576,504
18.446676085640277,398,604,392
18.45980636831813,375,556,451
18.472936650995983,374,574,416
18.48606693367384,355,577,412
18.499197216351696,377,580,419
18.51232749902955,347,579,458
18.525457781707402,382,548,405
18.53858806438526,335,580,431
18.551718347063115,391,545,421
18.56484862974097,370,536,430
18.577978912418825,372,565,442
18.591109195096678,392,550,425
18.604239477774534,356,550,456
18.61736976045239,413,557,414
18.630500043130244,356,562,410
18.643630325808097,364,556,436
18.656760608485953,375,585,407
18.66989089116381,345,529,398
18.683021173841663,359,599,436
18.696151456519516,343,559,413
18.709281739197372,385,545,429
18.72241202187523,411,514,416
18.735542304553082,378,573,427
18.748672587230935,353,581,430
18.76180286990879,396,525,390
18.774933152586648,358,573,410
18.7880634352645,352,627,417
18.801193717942354,369,537,429
18.81432400062021,349,572,429
18.827454283298067,366,578,399
18.84058456597592,370,514,463
18.853714848653773,365,556,425
18.86684513133163,375,548,416
18.879975414009486,351,564,404
18.89310569668734,338,547,413
18.906235979365192,338,521,385
18.91936626204305,397,567,404
18.932496544720905,360,587,413
18.94562682739876,378,614,424
18.95875711007661,350,603,466
18.971887392754468,389,534,436
18.985017675432324,377,581,427
18.998147958110177,342,557,410
19.01127824078803,402,566,438
19.024408523465887,366,596,383
19.037538806143743,361,607,440
19.050669088821596,346,585,388
19.06379937149945,369,549,435
19.076929654177306,373,602,416
19.090059936855162,369,619,400
19.103190219533015,363,608,454
19.11632050221087,377,621,411
19.129450784888725,358,599,424
19.14258106756658,346,589,414
19.155711350244434,367,631,399
19.168841632922287,351,527,375
19.181971915600144,351,581,440
19.195102198278,357,595,463
19.208232480955854,373,568,416
19.221362763633707,425,572,444
19.234493046311563,351,569,426
19.24762332898942,352,576,457
19.260753611667273,366,558,403
19.273883894345126,359,573,408
19.287014177022982,375,605,410
19.30014445970084,370,570,427
19.31327474237869,402,564,379
19.326405025056548,372,592,438
19.3395353077344,396,579,436
19.352665590412258,331,574,432
19.365795873090114,338,598,422
19.378926155767967,383,603,451
19.39205643844582,373,589,408
19.405186721123677,389,583,454
19.418317003801533,373,619,417
19.431447286479386,362,593,418
19.44457756915724,381,574,411
19.457707851835096,379,645,412
19.470838134512952,351,553,398
19.483968417190805,358,607,448
19.49709869986866,381,565,451
19.510228982546515,423,585,478
19.52335926522437,404,637,451
19.536489547902224,379,620,483
19.549619830580077,396,629,439
19.562750113257934,447,597,534
19.57588039593579,423,632,549
19.589010678613644,446,630,500
19.602140961291497,444,607,495
19.615271243969353,461,699,488
19.62840152664721,409,667,560
19.641531809325063,490,670,561
19.654662092002916,513,669,521
19.667792374680772,477,691,517
19.68092265735863,515,726,519
19.69405294003648,492,674,541
19.707183222714335,484,726,555
19.72031350539219,528,629,571
19.733443788070048,523,698,536
19.7465740707479,522,680,556
19.759704353425754,582,720,541
19.77283463610361,600,781,471
19.785964918781467,573,772,504
19.79909520145932,510,775,538
19.812225484137173,470,693,509
19.82535576681503,468,718,520
19.838486049492886,435,695,486
19.85161633217074,425,697,491
19.864746614848592,400,662,490
19.87787689752645,395,605,481
19.891007180204305,413,653,452
19.904137462882158,397,642,477
19.91726774556001,387,633,472
19.930398028237867,366,616,449
19.943528310915724,375,614,460
19.956658593593577,411,621,444
19.96978887627143,426,630,478
19.982919158949286,381,625,424
19.996049441627143,411,620,460
20.009179724304996,416,662,442
20.022310006982853,417,645,430
20.035440289660706,408,640,430
20.048570572338562,421,647,456
20.061700855016415,381,698,421
20.07483113769427,438,696,465
20.087961420372125,414,651,441
20.10109170304998,381,667,396
20.114221985727834,401,678,493
20.12735226840569,431,682,450
20.140482551083544,425,608,485
20.1536128337614,437,701,429
20.166743116439253,494,711,455
20.17987339911711,495,698,422
20.193003681794963,512,694,462
20.20613396447282,521,797,465
20.219264247150672,649,762,496
20.23239452982853,670,841,505
20.245524812506382,699,941,524
20.25865509518424,859,1025,515
20.27178537786209,900,1055,513
20.284915660539948,778,1038,514
20.2980459432178,747,985,532
20.311176225895657,676,932,545
20.32430650857351,633,857,486
20.337436791251367,615,853,475
20.35056707392922,487,750,472
20.363697356607076,513,680,458
20.37682763928493,456,747,477
20.389957921962786,420,659,444
20.40308820464064,449,674,449
20.416218487318496,438,651,452
20.42934876999635,407,712,390
20.442479052674205,421,656,387
20.45560933535206,385,717,454
20.468739618029915,395,608,437
20.48186990070777,374,659,418
20.495000183385624,418,664,419
20.50813046606348,386,653,405
20.521260748741334,358,594,439
20.53439103141919,402,642,427
20.547521314097043,381,621,440
20.5606515967749,405,643,413
20.573781879452753,392,613,425
20.58691216213061,408,670,408
20.600042444808462,426,646,419
20.61317272748632,391,661,425
20.626303010164172,435,655,458
20.63943329284203,459,699,404
20.65256357551988,467,626,424
20.665693858197738,456,685,430
20.67882414087559,435,658,434
20.691954423553447,428,637,441
20.7050847062313,434,619,414
20.718214988909157,461,680,426
20.73134527158701,383,719,457
20.744475554264866,376,708,464
20.75760583694272,460,666,488
20.770736119620576,402,700,457
20.78386640229843,436,689,470
20.796996684976286,422,731,494
20.81012696765414,428,744,449
20.823257250331995,434,684,478
20.836387533009848,449,664,497
20.849517815687705,450,670,519
20.862648098365558,475,720,467
20.875778381043414,485,747,517
20.888908663721267,450,728,506
20.902038946399124,445,769,488
20.915169229076977,452,727,424
20.928299511754833,415,706,476
20.941429794432686,424,746,483
20.954560077110543,449,793,475
20.967690359788396,417,650,449
20.980820642466252,466,742,464
20.993950925144105,476,686,393
21.00708120782196,482,703,386
21.020211490499815,417,699,436
21.03334177317767,462,667,453
21.046472055855524,497,676,450
21.05960233853338,473,705,442
21.072732621211234,457,717,446
21.08586290388909,501,783,422
21.098993186566943,485,750,424
21.1121234692448,544,829,412
21.125253751922653,594,819,484
21.13838403460051,633,907,440
21.151514317278362,701,956,501
21.16464459995622,711,968,468
21.177774882634072,638,864,507
21.19090516531193,600,895,467
21.204035447989785,589,853,451
21.217165730667638,568,827,461
21.230296013345495,571,857,420
21.243426296023348,507,745,454
21.256556578701204,460,766,422
21.269686861379057,438,700,441
21.282817144056914,415,739,416
21.295947426734767,432,698,460
21.309077709412623,454,691,417
21.322207992090476,418,774,424
21.335338274768333,456,741,403
21.348468557446186,442,706,430
21.361598840124042,442,765,417
21.374729122801895,504,726,428
21.38785940547975,478,769,427
21.400989688157605,504,800,447
21.41411997083546,550,813,404
21.427250253513314,541,851,399
21.44038053619117,544,792,406
21.453510818869024,482,795,379
21.46664110154688,445,765,451
21.479771384224733,480,760,417
21.49290166690259,405,756,426
21.506031949580443,415,703,389
21.5191622322583,362,683,398
21.532292514936152,393,655,456
21.54542279761401,326,670,397
21.558553080291862,346,672,376
21.57168336296972,375,690,405
21.58481364564757,371,706,448
21.597943928325428,403,648,420
21.61107421100328,338,675,395
21.624204493681138,341,685,400
21.63733477635899,348,653,394
21.650465059036847,361,587,366
21.6635953417147,344,651,385
21.676725624392557,336,635,395
21.68985590707041,356,642,387
21.702986189748266,336,638,382
21.71611647242612,348,672,389
21.729246755103976,352,615,353
21.74237703778183,367,732,374
21.755507320459685,353,640,385
21.768637603137538,342,639,372
21.781767885815395,334,658,389
21.794898168493248,341,642,402
21.808028451171104,328,671,419
21.821158733848957,323,684,372
21.834289016526814,328,633,387
21.847419299204667,331,676,391
21.860549581882523,345,638,385
21.873679864560376,358,651,376
21.886810147238233,356,631,395
21.899940429916086,352,662,365
21.913070712593942,344,694,409
21.926200995271795,357,683,404
21.939331277949652,370,715,384
21.95246156062751,331,647,406
21.96559184330536,341,641,359
21.978722125983218,325,650,393
21.99185240866107,364,646,450
22.004982691338927,333,629,381
22.01811297401678,325,662,371
22.031243256694637,377,695,378
22.04437353937249,333,710,348
22.057503822050347,333,668,400
22.0706341047282,316,635,357
22.083764387406056,299,665,401
22.09689467008391,348,652,401
22.110024952761766,323,652,408
22.12315523543962,307,661,394
22.136285518117475,320,617,392
22.149415800795328,325,638,365
22.162546083473185,339,606,379
22.175676366151038,335,677,375
22.188806648828894,348,658,368
22.201936931506747,369,636,410
22.215067214184604,356,646,416
22.228197496862457,346,662,379
22.241327779540313,334,655,403
22.254458062218166,343,681,416
22.267588344896023,370,631,410
22.280718627573876,333,638,405
22.293848910251732,343,684,387
22.306979192929585,356,654,387
22.320109475607442,334,628,395
22.333239758285295,335,702,406
22.34637004096315,340,663,391
22.359500323641004,352,645,405
22.37263060631886,307,634,390
22.385760888996714,361,680,431
22.39889117167457,385,705,395
22.412021454352423,366,610,428
22.42515173703028,356,676,422
22.438282019708133,370,665,425
22.45141230238599,378,672,427
22.464542585063842,364,685,419
22.4776728677417,374,685,436
22.490803150419552,344,678,408
22.50393343309741,362,661,404
22.51706371577526,318,665,399
22.530193998453118,360,604,370
22.54332428113097,330,663,398
22.556454563808828,338,669,376
22.56958484648668,341,637,405
22.582715129164537,310,632,364
22.59584541184239,344,677,389
22.608975694520247,327,710,361
22.6221059771981,337,636,403
22.635236259875956,344,614,380
22.64836654255381,345,589,386
22.661496825231666,354,673,416
22.67462710790952,345,659,406
22.687757390587375,321,630,385
22.700887673265232,315,615,366
22.714017955943085,349,613,397
22.72714823862094,344,675,399
22.740278521298794,296,638,419
22.75340880397665,371,702,392
22.766539086654504,337,638,390
22.77966936933236,340,609,416
22.792799652010213,355,696,386
22.80592993468807,347,689,428
22.819060217365923,380,663,385
22.83219050004378,352,655,421
22.845320782721632,378,700,394
22.85845106539949,370,704,443
22.871581348077342,368,675,428
22.8847116307552,393,682,436
22.89784191343305,458,682,442
22.910972196110908,448,657,467
22.92410247878876,401,719,446
22.937232761466618,429,763,466
22.95036304414447,404,710,443
22.963493326822327,419,678,417
22.97662360950018,427,695,411
22.989753892178037,424,738,439
23.00288417485589,493,734,409
23.016014457533746,483,767,411
23.0291447402116,513,766,425
23.042275022889456,562,797,419
23.05540530556731,533,797,408
23.068535588245165,543,762,419
23.08166587092302,486,762,412
23.094796153600875,426,772,386
23.107926436278728,440,722,389
23.121056718956584,463,762,422
23.134187001634437,381,655,400
23.147317284312294,382,649,427
23.160447566990147,372,690,422
23.173577849668003,365,648,431
23.186708132345856,380,639,367
23.199838415023713,384,643,426
23.212968697701566,357,665,411
23.226098980379422,389,636,416
23.239229263057275,342,675,422
23.252359545735132,362,635,419
23.265489828412985,360,647,443
23.27862011109084,394,697,464
23.291750393768694,418,659,432
23.30488067644655,409,683,445
23.318010959124404,426,655,482
23.33114124180226,447,675,469
23.344271524480114,423,657,500
23.35740180715797,431,690,484
23.370532089835823,431,684,471
23.38366237251368,432,707,454
23.396792655191533,412,685,473
23.40992293786939,405,703,490
23.423053220547242,426,687,461
23.4361835032251,420,679,450
23.449313785902955,396,650,434
23.462444068580808,382,657,413
23.475574351258665,393,649,415
23.488704633936518,376,673,429
23.501834916614374,375,663,416
23.514965199292227,366,695,407
23.528095481970084,385,663,436
23.541225764647937,315,671,428
23.554356047325793,389,644,425
23.567486330003646,384,696,449
23.580616612681503,366,638,439
23.593746895359356,358,673,411
23.606877178037212,405,718,386
23.620007460715065,418,643,400
23.633137743392922,407,653,424
23.646268026070775,449,676,412
23.65939830874863,453,694,420
23.672528591426484,474,710,404
23.68565887410434,493,737,444
23.698789156782194,435,739,423
23.71191943946005,449,657,402
23.725049722137904,434,660,379
23.73818000481576,478,668,404
23.751310287493613,433,727,362
23.76444057017147,410,648,385
23.777570852849323,433,711,383
23.79070113552718,395,641,419
23.803831418205032,384,669,400
23.81696170088289,385,645,368
23.83009198356074,379,637,414
23.843222266238598,359,597,395
23.85635254891645,379,627,344
23.869482831594308,376,635,368
23.88261311427216,355,582,373
23.895743396950017,373,592,379
23.90887367962787,337,619,373
23.922003962305727,379,633,420
23.93513424498358,382,627,387
23.948264527661436,350,638,388
23.96139481033929,357,639,391
23.974525093017146,388,610,422
23.987655375695,361,604,388
24.000785658372855,360,619,377
24.01391594105071,410,647,396
24.027046223728565,355,625,399
24.040176506406418,395,568,382
24.053306789084274,400,626,383
24.066437071762127,389,593,416
24.079567354439984,354,622,390
24.092697637117837,363,582,389
24.105827919795694,361,616,426
24.118958202473546,347,663,365
24.132088485151403,367,612,428
24.145218767829256,378,633,384
24.158349050507113,365,615,365
24.17147933318497,398,626,407
24.184609615862822,377,591,413
24.19773989854068,374,615,370
24.21087018121853,378,575,386
24.224000463896388,400,584,420
24.23713074657424,373,628,394
24.250261029252098,382,619,414
24.26339131192995,374,631,371
24.276521594607807,354,615,384
24.28965187728566,354,656,408
24.302782159963517,354,623,407
24.31591244264137,381,618,380
24.329042725319226,369,620,383
24.34217300799708,398,645,384
24.355303290674936,384,645,429
24.36843357335279,356,609,397
24.381563856030645,343,605,416
24.3946941387085,381,592,389
24.407824421386355,410,612,387
24.420954704064208,419,622,379
24.434084986742064,398,636,386
24.447215269419917,370,565,437
24.460345552097774,426,656,374
24.473475834775627,400,599,401
24.486606117453483,423,635,359
24.499736400131336,425,635,451
24.512866682809193,357,723,436
24.525996965487046,398,610,425
24.539127248164903,430,657,406
24.552257530842756,436,599,429
24.565387813520612,455,633,438
24.578518096198465,427,653,426
24.59164837887632,464,712,444
24.604778661554175,529,695,454
24.61790894423203,523,743,441
24.631039226909884,577,732,454
24.64416950958774,557,772,528
24.657299792265594,662,861,545
24.67043007494345,740,862,563
24.683560357621303,825,921,637
24.69669064029916,885,994,666
24.709820922977013,1109,1205,735
24.72295120565487,1257,1220,767
24.736081488332722,1622,1630,886
24.74921177101058,1988,1897,911
24.762342053688432,2598,2389,965
24.77547233636629,3645,3065,1042
24.78860261904414,4718,4017,976
24.801732901721998,5183,5035,834
24.81486318439985,4470,4243,801
24.827993467077707,3407,3230,718
24.84112374975556,3062,2743,670
24.854254032433417,3075,2905,647
24.86738431511127,2983,2912,575
24.880514597789126,2305,2317,538
24.89364488046698,1499,1584,456
24.906775163144836,1165,1190,413
24.919905445822693,906,989,412
24.933035728500546,708,872,394
24.946166011178402,670,842,401
24.959296293856255,640,779,422
24.97242657653411,589,784,415
24.985556859211965,530,717,418
24.99868714188982,497,716,378
25.011817424567674,490,733,354
25.02494770724553,463,678,406
25.038077989923384,503,616,396
25.05120827260124,451,664,402
25.064338555279093,478,661,388
25.07746883795695,440,651,432
25.090599120634803,424,646,418
25.10372940331266,425,634,416
25.116859685990512,443,639,411
25.12998996866837,415,660,408
25.14312025134622,447,605,391
25.15625053402408,417,688,430
25.16938081670193,443,671,410
25.182511099379788,448,657,443
25.19564138205764,466,649,508
25.208771664735497,438,628,501
25.22190194741335,458,647,472
25.235032230091207,437,601,429
25.24816251276906,449,668,442
25.261292795446916,421,601,436
25.27442307812477,392,570,447
25.287553360802626,430,578,407
25.30068364348048,391,574,454
25.313813926158335,380,605,459
25.32694420883619,404,585,465
25.340074491514045,401,591,496
25.353204774191898,370,569,495
25.366335056869755,388,533,455
25.379465339547608,368,588,486
25.392595622225464,364,558,453
25.405725904903317,382,557,512
25.418856187581174,384,530,436
25.431986470259027,349,589,422
25.445116752936883,350,565,427
25.458247035614736,353,578,459
25.471377318292593,373,561,386
25.484507600970446,345,554,433
25.497637883648302,383,553,421
25.510768166326155,357,561,420
25.52389844900401,400,599,442
25.537028731681865,340,544,394
25.55015901435972,369,588,399
25.563289297037574,323,581,439
25.57641957971543,385,558,444
25.589549862393284,368,561,399
25.60268014507114,367,584,408
25.615810427748993,361,558,420
25.62894071042685,376,582,454
25.642070993104703,385,560,436
25.65520127578256,398,555,400
25.668331558460416,371,579,411
25.68146184113827,367,515,403
25.694592123816125,374,532,431
25.70772240649398,351,579,396
25.720852689171835,370,557,415
25.733982971849688,361,542,422
25.747113254527545,377,546,439
25.760243537205398,370,574,417
25.773373819883254,338,575,447
25.786504102561107,342,528,414
25.799634385238964,368,527,431
25.812764667916817,332,586,421
25.825894950594673,395,618,424
25.839025233272526,390,587,466
25.852155515950383,384,607,392
25.865285798628236,355,585,422
25.878416081306092,402,548,403
25.891546363983945,354,514,411
25.9046766466618,380,566,430
25.917806929339655,382,556,410
25.93093721201751,369,585,403
25.944067494695364,384,590,433
25.95719777737322,379,553,403
25.970328060051074,417,569,358
25.98345834272893,384,564,428
25.996588625406783,370,553,379
26.00971890808464,381,611,437
26.022849190762493,372,599,415
26.03597947344035,350,647,393
26.049109756118202,399,547,473
26.06224003879606,387,584,458
26.075370321473912,406,574,416
26.08850060415177,394,568,464
26.10163088682962,370,587,466
26.114761169507478,387,612,432
26.12789145218533,411,552,432
26.141021734863187,366,531,437
26.15415201754104,383,588,478
26.167282300218897,383,593,435
26.18041258289675,405,599,443
26.193542865574607,381,610,507
26.20667314825246,418,601,472
26.219803430930316,419,662,489
26.23293371360817,431,688,457
26.246063996286026,446,616,472
26.25919427896388,454,665,462
26.272324561641735,484,712,460
26.285454844319588,520,698,517
26.298585126997445,555,741,470
26.311715409675298,566,717,523
26.324845692353154,556,799,541
26.337975975031007,581,787,508
26.351106257708864,547,767,492
26.364236540386717,537,730,511
26.377366823064573,537,743,504
26.390497105742426,507,778,491
26.403627388420283,498,730,494
26.41675767109814,511,743,565
26.429887953775992,514,715,557
26.44301823645385,545,731,633
26.456148519131702,562,796,664
26.46927880180956,623,791,604
26.48240908448741,617,791,572
26.495539367165268,632,742,624
26.50866964984312,559,784,629
26.521799932520977,603,812,703
26.53493021519883,628,834,710
26.548060497876687,666,818,832
26.56119078055454,643,848,798
26.574321063232397,657,809,786
26.58745134591025,612,847,738
26.600581628588106,606,842,775
26.61371191126596,647,887,826
26.626842193943816,676,902,795
26.63997247662167,727,952,825
26.653102759299525,702,888,853
26.666233041977378,689,944,871
26.679363324655235,731,902,903
26.692493607333088,720,939,918
26.705623890010944,735,980,908
26.718754172688797,723,947,902
26.731884455366654,699,895,885
26.745014738044507,686,901,893
26.758145020722363,686,908,827
26.771275303400216,647,808,874
26.784405586078073,613,866,807
26.797535868755926,607,827,793
26.810666151433782,588,753,762
26.823796434111635,564,844,721
26.836926716789492,541,812,724
26.850056999467345,529,711,679
26.8631872821452,524,739,719
26.876317564823054,510,629,660
26.88944784750091,498,718,669
26.902578130178764,505,652,639
26.91570841285662,482,695,638
26.928838695534473,479,691,638
26.94196897821233,488,685,653
26.955099260890183,490,622,653
26.96822954356804,495,621,651
26.981359826245892,450,646,622
26.99449010892375,511,626,608
27.007620391601602,462,649,630
27.02075067427946,459,650,624
27.03388095695731,461,600,557
27.047011239635168,463,642,616
27.06014152231302,452,640,588
27.073271804990878,433,602,580
27.08640208766873,427,575,524
27.099532370346587,462,577,532
27.11266265302444,436,602,557
27.125792935702297,415,545,555
27.13892321838015,425,519,580
27.152053501058006,445,519,500
27.165183783735863,397,538,565
27.178314066413716,451,588,508
27.191444349091572,391,544,517
27.204574631769425,410,547,518
27.217704914447282,427,513,487
27.230835197125135,385,525,474
27.24396547980299,402,529,501
27.257095762480844,434,502,485
27.2702260451587,437,498,470
27.283356327836554,464,497,470
27.29648661051441,493,518,475
27.309616893192263,462,560,522
27.32274717587012,476,482,511
27.335877458547973,451,496,502
27.34900774122583,516,461,534
27.362138023903682,429,541,490
27.37526830658154,472,547,512
27.388398589259392,466,541,536
27.40152887193725,448,566,512
27.4146591546151,421,516,502
27.427789437292958,435,542,518
27.44091971997081,446,511,484
27.454050002648668,400,528,464
27.46718028532652,413,554,494
27.480310568004377,427,554,472
27.49344085068223,417,563,470
27.506571133360087,432,574,477
27.51970141603794,417,555,460
27.532831698715796,399,571,419
27.54596198139365,399,516,471
27.559092264071506,378,528,430
27.57222254674936,403,502,443
27.585352829427215,377,483,429
27.598483112105068,375,464,456
27.611613394782925,373,492,415
27.624743677460778,393,518,440
27.637873960138634,411,464,430
27.651004242816487,364,499,425
27.664134525494344,374,473,401
27.677264808172197,353,486,386
27.690395090850053,339,470,421
27.703525373527906,361,509,399
27.716655656205763,367,467,386
27.729785938883616,336,447,415
27.742916221561472,351,485,373
27.756046504239325,330,450,396
27.769176786917182,351,455,373
27.782307069595035,306,466,417
27.79543735227289,357,486,412
27.808567634950744,343,458,401
27.8216979176286,359,476,373
27.834828200306454,356,463,430
27.84795848298431,345,446,387
27.861088765662164,346,427,334
27.87421904834002,341,435,396
27.887349331017873,359,463,394
27.90047961369573,343,481,393
27.913609896373586,332,455,357
27.92674017905144,334,449,376
27.939870461729296,351,473,382
27.95300074440715,354,439,356
27.966131027085005,318,422,355
27.979261309762858,308,412,396
27.992391592440715,304,455,373
28.005521875118568,322,440,395
28.018652157796424,341,423,352
28.031782440474277,360,447,387
28.044912723152134,332,422,394
28.058043005829987,362,414,391
28.071173288507843,338,441,387
28.084303571185696,342,480,407
28.097433853863553,300,427,420
28.110564136541406,336,435,360
28.123694419219262,320,450,372
28.136824701897115,341,447,347
28.149954984574972,350,461,389
28.163085267252825,371,444,390
28.17621554993068,336,481,398
28.189345832608534,402,479,368
28.20247611528639,380,442,402
28.215606397964244,401,470,348
28.2287366806421,420,453,374
28.241866963319953,462,479,352
28.25499724599781,444,443,324
28.268127528675663,486,468,358
28.28125781135352,476,448,359
28.294388094031373,492,477,368
28.30751837670923,416,444,411
28.320648659387082,434,476,361
28.33377894206494,416,432,361
28.34690922474279,432,453,326
28.360039507420648,428,387,377
28.3731697900985,383,418,383
28.386300072776358,347,415,328
28.39943035545421,335,439,374
28.412560638132067,294,435,344
28.42569092080992,339,459,342
28.438821203487777,333,419,356
28.45195148616563,332,422,370
28.465081768843486,308,446,361
28.47821205152134,324,437,356
28.491342334199196,325,400,376
28.50447261687705,361,432,307
28.517602899554905,320,404,348
28.53073318223276,321,425,338
28.543863464910615,352,442,333
28.556993747588468,304,438,339
28.570124030266324,323,441,331
28.583254312944177,346,463,349
28.596384595622034,327,420,373
28.609514878299887,355,447,358
28.622645160977743,349,458,331
28.635775443655596,336,468,391
28.648905726333453,333,479,354
28.66203600901131,376,474,319
28.675166291689163,369,476,382
28.68829657436702,329,459,381
28.701426857044872,333,432,343
28.71455713972273,341,453,351
28.72768742240058,344,458,337
28.740817705078438,326,450,351
28.75394798775629,346,446,343
28.767078270434148,342,459,344
28.780208553112,365,406,341
28.793338835789857,335,434,305
28.80646911846771,310,414,312
28.819599401145567,283,436,316
28.83272968382342,319,478,367
28.845859966501276,285,450,354
28.85899024917913,342,379,323
28.872120531856986,284,446,371
28.88525081453484,305,429,324
28.898381097212695,299,388,329
28.91151137989055,333,450,335
28.924641662568405,301,419,336
28.937771945246258,330,409,326
28.950902227924114,337,451,357
28.964032510601967,365,409,352
28.977162793279824,356,403,339
28.990293075957677,377,429,316
29.003423358635533,342,403,342
29.016553641313386,369,426,327
29.029683923991243,348,428,333
29.042814206669096,378,450,332
29.055944489346953,363,441,336
29.069074772024805,380,458,329
29.082205054702662,359,429,343
29.095335337380515,364,442,309
29.10846562005837,344,409,317
29.121595902736225,355,460,298
29.13472618541408,319,424,328
29.147856468091934,321,425,316
29.16098675076979,340,424,302
29.174117033447644,309,452,302
29.1872473161255,299,376,262
29.200377598803353,303,410,338
29.21350788148121,303,459,342
29.226638164159063,294,423,344
29.23976844683692,288,393,300
29.252898729514772,303,398,358
29.26602901219263,323,408,342
29.27915929487048,314,395,314
29.29228957754834,335,414,347
29.30541986022619,296,425,299
29.318550142904048,326,436,318
29.3316804255819,311,372,337
29.344810708259757,292,430,335
29.35794099093761,320,408,317
29.371071273615467,298,390,309
29.38420155629332,305,396,282
29.397331838971176,299,362,333
29.410462121649033,298,387,323
29.423592404326886,276,411,331
29.436722687004742,326,405,324
29.449852969682595,286,429,339
29.462983252360452,328,417,310
29.476113535038305,322,411,289
29.48924381771616,352,395,318
29.502374100394015,337,377,310
29.51550438307187,337,450,344
29.528634665749724,355,413,345
29.54176494842758,343,457,334
29.554895231105434,331,434,337
29.56802551378329,373,422,344
29.581155796461143,346,423,331
29.594286079139,319,391,312
29.607416361816853,366,429,329
29.62054664449471,308,396,359
29.633676927172562,341,457,348
29.64680720985042,339,409,318
29.65993749252827,362,423,351
29.67306777520613,370,471,365
29.68619805788398,302,447,359
29.699328340561838,349,434,359
29.71245862323969,328,416,351
29.725588905917547,331,459,384
29.7387191885954,354,399,324
29.751849471273257,320,402,374
29.76497975395111,337,436,366
29.778110036628966,344,415,360
29.79124031930682,312,402,334
29.804370601984676,308,439,330
29.81750088466253,319,403,331
29.830631167340385,329,448,312
29.84376145001824,328,419,350
29.856891732696095,273,414,328
29.870022015373948,293,474,339
29.883152298051805,328,398,274
29.896282580729657,290,383,327
29.909412863407514,303,425,304
29.922543146085367,313,407,351
29.935673428763224,324,382,333
29.948803711441077,299,382,296
29.961933994118933,308,392,342
29.975064276796786,284,353,333
29.988194559474643,287,386,333
30.001324842152496,285,385,296
30.014455124830352,312,375,337
30.027585407508205,312,384,313
30.04071569018606,316,413,321
30.053845972863915,284,376,269
30.06697625554177,308,386,310
30.080106538219624,317,401,291
30.09323682089748,273,372,321
30.106367103575334,324,425,338
30.11949738625319,291,404,303
30.132627668931043,271,373,320
30.1457579516089,298,395,296
30.158888234286756,281,373,314
30.17201851696461,293,404,336
30.185148799642466,284,393,288
30.19827908232032,270,409,288
30.211409364998175,288,356,326
30.22453964767603,283,362,325
30.237669930353885,256,362,328
30.250800213031738,279,385,269
30.263930495709594,272,358,269
30.277060778387447,296,393,297
30.290191061065304,274,375,289
30.303321343743157,278,398,333
30.316451626421014,281,366,310
30.329581909098867,260,389,294
30.342712191776723,269,376,305
30.355842474454576,251,375,291
30.368972757132433,293,375,297
30.382103039810286,310,380,316
30.395233322488142,293,374,292
30.408363605165995,269,374,302
30.42149388784385,243,399,310
30.434624170521705,284,402,307
30.44775445319956,319,371,300
30.460884735877414,288,393,266
30.47401501855527,287,361,286
30.487145301233124,291,402,299
30.50027558391098,276,351,284
30.513405866588833,278,361,297
30.52653614926669,243,354,323
30.539666431944543,285,365,301
30.5527967146224,282,377,297
30.565926997300252,279,396,283
30.57905727997811,276,346,306
30.592187562655962,267,381,308
30.60531784533382,284,375,268
30.61844812801167,289,380,309
30.631578410689528,282,375,293
30.64470869336738,291,392,306
30.657838976045237,278,337,350
30.67096925872309,286,382,308
30.684099541400947,262,404,319
30.6972298240788,292,405,314
30.710360106756657,261,409,310
30.72349038943451,260,391,305
30.736620672112366,267,371,312
30.74975095479022,276,358,299
30.762881237468076,256,423,333
30.77601152014593,278,414,298
30.789141802823785,290,368,303
30.802272085501638,266,395,292
30.815402368179495,271,385,275
30.828532650857348,283,359,309
30.841662933535204,313,348,299
30.854793216213057,265,345,298
30.867923498890914,277,407,279
30.881053781568767,262,368,306
30.894184064246623,248,358,303
30.90731434692448,259,347,268
30.920444629602333,285,379,259
30.93357491228019,269,357,308
30.946705194958042,281,354,304
30.9598354776359,251,359,277
30.972965760313752,272,360,318
30.98609604299161,289,352,290
30.99922632566946,305,375,291
31.012356608347318,256,346,273
31.02548689102517,275,357,262
31.038617173703027,242,375,271
31.05174745638088,248,380,291
31.064877739058737,302,374,321
31.07800802173659,265,327,296
31.091138304414446,242,339,285
31.1042685870923,273,361,267
31.117398869770156,283,336,262
31.13052915244801,280,360,282
31.143659435125866,258,368,287
31.15678971780372,249,316,247
31.169920000481575,269,344,319
31.183050283159428,243,345,271
31.196180565837285,260,353,308
31.209310848515138,265,375,268
31.222441131192994,264,371,290
31.235571413870847,273,341,296
31.248701696548704,250,370,316
31.261831979226557,249,347,308
31.274962261904413,259,354,337
31.288092544582266,248,377,292
31.301222827260123,267,361,274
31.314353109937976,237,353,300
31.327483392615832,263,351,316
31.340613675293685,261,359,291
31.353743957971542,232,366,284
31.366874240649395,226,356,273
31.38000452332725,279,361,260
31.393134806005104,268,410,285
31.40626508868296,284,371,270
31.419395371360814,249,338,268
31.43252565403867,250,366,271
31.445655936716523,268,357,291
31.45878621939438,275,420,243
31.471916502072233,271,385,277
31.48504678475009,271,369,286
31.498177067427942,319,337,278
31.5113073501058,272,349,278
31.524437632783652,249,363,269
31.53756791546151,296,323,315
31.55069819813936,279,341,272
31.563828480817218,299,320,280
31.57695876349507,319,333,265
31.590089046172928,314,379,264
31.60321932885078,365,363,275
31.616349611528637,323,347,293
31.62947989420649,402,365,258
31.642610176884347,315,331,251
31.655740459562203,330,339,289
31.668870742240056,308,325,265
31.682001024917913,280,360,270
31.695131307595766,308,337,295
31.708261590273622,288,355,244
31.721391872951475,277,340,279
31.73452215562933,290,358,277
31.747652438307185,261,338,236
31.76078272098504,266,356,272
31.773913003662894,246,340,276
31.78704328634075,243,385,247
31.800173569018604,281,321,277
31.81330385169646,270,353,273
31.826434134374313,228,355,270
31.83956441705217,266,332,261
31.852694699730023,232,340,229
31.86582498240788,234,373,249
31.878955265085732,280,340,269
31.89208554776359,240,313,265
31.905215830441442,221,338,261
31.9183461131193,224,374,273
31.93147639579715,275,372,276
31.944606678475008,209,379,278
31.95773696115286,232,330,256
31.970867243830718,244,333,256
31.98399752650857,234,356,295
31.997127809186427,243,344,280
32.01025809186428,237,375,279
32.02338837454214,263,349,250
32.036518657219986,217,372,243
32.04964893989785,259,348,262
32.0627792225757,247,349,259
32.075909505253556,240,322,258
32.08903978793141,243,356,269
32.10217007060926,265,346,269
32.11530035328712,233,330,280
32.128430635964975,268,356,257
32.141560918642824,230,330,288
32.15469120132069,230,344,281
32.16782148399854,276,326,295
32.180951766676394,264,355,282
32.19408204935425,292,379,292
32.2072123320321,275,350,278
32.220342614709956,246,374,275
32.23347289738781,284,341,284
32.24660318006566,230,335,282
32.259733462743526,270,361,263
32.272863745421375,234,323,258
32.28599402809923,269,338,271
32.29912431077709,258,371,293
32.31225459345494,273,383,298
32.325384876132794,269,356,285
32.33851515881065,269,332,292
32.3516454414885,295,360,287
32.364775724166364,263,375,258
32.37790600684421,282,374,281
32.39103628952207,308,404,269
32.40416657219993,282,420,250
32.417296854877776,316,419,256
32.43042713755564,305,396,278
32.44355742023349,302,392,274
32.456687702911346,265,395,248
32.4698179855892,292,382,275
32.48294826826705,256,343,294
32.49607855094491,273,369,270
32.509208833622765,293,346,265
32.522339116300614,268,334,245
32.53546939897848,277,353,273
32.54859968165633,262,386,269
32.561729964334184,229,349,247
32.57486024701204,279,339,262
32.58799052968989,277,353,234
32.601120812367746,268,317,226
32.6142510950456,229,346,271
32.62738137772345,243,370,257
32.640511660401316,263,323,260
32.653641943079165,235,382,290
32.66677222575702,266,360,293
32.67990250843488,244,357,264
32.69303279111273,221,333,262
32.706163073790584,225,358,281
32.71929335646844,231,343,271
32.73242363914629,264,372,250
32.745553921824154,260,314,269
32.758684204502,232,340,272
32.77181448717986,248,327,281
32.78494476985772,278,327,256
32.798075052535566,241,360,273
32.81120533521342,234,315,277
32.82433561789128,263,364,291
32.83746590056913,246,348,245
32.85059618324699,244,307,274
32.86372646592484,265,347,256
32.8768567486027,244,322,270
32.889987031280555,250,316,261
32.903117313958404,280,326,260
32.91624759663626,243,354,265
32.92937787931412,257,331,292
32.94250816199197,262,357,300
32.95563844466983,244,357,242
32.96876872734768,250,318,268
32.981899010025536,268,356,281
32.99502929270339,264,328,221
33.00815957538124,264,329,274
33.0212898580591,281,349,280
33.034420140736955,256,368,276
33.047550423414805,249,337,274
33.06068070609267,268,367,297
33.07381098877052,275,351,262
33.086941271448374,284,360,289
33.10007155412623,268,326,285
33.11320183680408,279,339,269
33.12633211948194,280,343,266
33.13946240215979,267,358,270
33.15259268483765,243,355,259
33.16572296751551,238,323,275
33.178853250193356,235,311,251
33.19198353287121,257,352,270
33.20511381554907,263,329,251
33.21824409822692,244,346,240
33.23137438090478,238,305,251
33.24450466358263,245,340,261
33.25763494626049,261,333,259
33.270765228938345,271,352,246
33.283895511616194,244,351,290
33.29702579429405,235,338,242
33.31015607697191,291,302,272
33.32328635964976,266,345,279
33.33641664232762,277,336,269
33.34954692500547,257,310,264
33.362677207683326,269,364,250
33.37580749036118,262,339,282
33.38893777303903,275,351,262
33.40206805571689,241,348,286
33.415198338394745,256,315,265
33.428328621072595,244,323,243
33.44145890375046,242,323,235
33.45458918642831,238,335,235
33.467719469106164,215,334,265
33.48084975178402,268,340,250
33.49398003446187,227,356,265
33.50711031713973,266,282,275
33.52024059981758,236,344,276
33.53337088249543,261,319,246
33.5465011651733,239,342,272
33.559631447851146,262,308,277
33.572761730529,260,318,266
33.58589201320686,266,327,229
33.59902229588471,267,323,244
33.612152578562565,244,340,275
33.62528286124042,244,372,242
33.63841314391827,228,292,278
33.651543426596135,242,329,247
33.664673709273984,259,319,270
33.67780399195184,262,335,266
33.6909342746297,238,313,271
33.70406455730755,223,333,275
33.7171948399854,203,329,290
33.73032512266326,275,309,274
33.74345540534111,235,355,283
33.75658568801897,260,260,249
33.76971597069682,236,344,247
33.78284625337468,259,358,262
33.795976536052535,228,328,282
33.809106818730385,246,312,267
33.82223710140824,231,306,262
33.8353673840861,248,322,220
33.84849766676395,251,329,243
33.86162794944181,276,313,241
33.87475823211966,269,338,285
33.88788851479752,259,299,269
33.90101879747537,234,342,268
33.91414908015322,225,338,261
33.92727936283109,237,345,244
33.940409645508936,233,307,296
33.95353992818679,256,300,228
33.96667021086465,218,322,276
33.9798004935425,259,309,251
33.992930776220355,210,331,266
34.00606105889821,239,319,247
34.01919134157606,211,307,238
34.032321624253925,227,317,224
34.045451906931774,232,300,277
34.05858218960963,237,342,235
34.07171247228749,237,333,264
34.08484275496534,257,323,244
34.09797303764319,220,322,283
34.11110332032105,244,354,272
34.1242336029989,245,335,230
34.13736388567676,257,301,267
34.15049416835461,227,376,269
34.16362445103247,256,327,261
34.176754733710325,245,282,280
34.189885016388175,246,300,283
34.20301529906603,257,345,231
34.21614558174389,216,330,243
34.22927586442174,248,320,248
34.2424061470996,244,339,250
34.25553642977745,246,322,263
34.26866671245531,274,334,238
34.28179699513316,258,331,262
34.29492727781101,275,304,275
34.30805756048887,277,306,225
34.321187843166726,245,336,280
34.334318125844575,265,350,279
34.34744840852244,226,326,264
34.36057869120029,309,296,239
34.373708973878145,264,340,272
34.386839256556,266,359,291
34.39996953923385,281,305,280
34.41309982191171,251,342,261
34.426230104589564,269,362,279
34.43936038726741,262,330,265
34.45249066994528,264,328,245
34.46562095262313,279,339,235
34.47875123530098,295,377,237
34.49188151797884,271,364,282
34.50501180065669,279,353,292
34.518142083334546,264,323,284
34.5312723660124,289,341,263
34.54440264869025,260,342,293
34.557532931368115,249,376,290
34.570663214045965,289,348,295
34.58379349672382,256,314,299
34.59692377940168,280,370,295
34.61005406207953,299,377,272
34.623184344757384,288,377,289
34.63631462743524,257,388,287
34.6494449101131,267,355,277
34.66257519279095,294,371,278
34.6757054754688,262,309,271
34.68883575814666,271,356,308
34.701966040824516,264,358,309
34.715096323502365,304,377,279
34.72822660618023,317,327,317
34.74135688885808,266,354,296
34.754487171535935,272,392,275
34.76761745421379,275,374,261
34.78074773689164,294,368,297
34.7938780195695,304,346,296
34.807008302247354,284,354,280
34.8201385849252,287,310,294
34.83326886760307,316,390,281
34.84639915028092,317,410,267
34.85952943295877,324,381,291
34.87265971563663,363,424,290
34.88578999831448,331,409,290
34.898920280992336,335,386,307
34.91205056367019,331,414,290
34.92518084634804,337,407,292
34.938311129025905,305,391,267
34.951441411703755,338,395,295
34.96457169438161,298,375,269
34.97770197705947,312,373,285
34.99083225973732,292,376,271
35.003962542415174,306,399,297
35.01709282509303,290,346,245
35.03022310777088,285,385,278
35.04335339044874,302,368,291
35.05648367312659,295,385,298
35.06961395580445,295,354,311
35.082744238482306,297,339,285
35.095874521160155,274,331,298
35.10900480383801,264,344,280
35.12213508651587,287,362,266
35.13526536919372,286,337,275
35.14839565187158,293,379,278
35.16152593454943,274,375,292
35.17465621722729,272,331,296
35.187786499905144,275,340,259
35.20091678258299,267,367,269
35.21404706526085,278,315,281
35.22717734793871,250,332,278
35.240307630616556,250,325,266
35.25343791329442,265,315,282
35.26656819597227,285,328,290
35.279698478650126,247,369,299
35.29282876132798,335,346,293
35.30595904400583,323,366,272
35.31908932668369,321,429,309
35.332219609361545,323,419,307
35.345349892039394,357,430,282
35.35848017471726,346,417,282
35.37161045739511,350,381,309
35.384740740072964,373,389,313
35.39787102275082,370,416,322
35.41100130542867,376,425,328
35.42413158810653,387,411,322
35.43726187078438,335,401,331
35.45039215346224,341,395,316
35.463522436140096,312,388,339
35.476652718817945,308,435,298
35.4897830014958,328,340,328
35.50291328417366,306,367,311
35.51604356685151,298,383,301
35.52917384952937,321,382,306
35.54230413220722,335,376,287
35.55543441488508,323,409,317
35.568564697562934,309,347,297
35.58169498024078,286,360,299
35.59482526291864,305,354,298
35.607955545596496,286,353,303
35.621085828274346,312,350,297
35.63421611095221,292,370,307
35.64734639363006,269,353,279
35.660476676307916,293,347,259
35.67360695898577,285,340,287
35.68673724166362,268,343,295
35.69986752434148,270,345,310
35.712997807019335,246,304,243
35.726128089697184,278,315,270
35.73925837237505,243,333,284
35.7523886550529,256,320,263
35.765518937730754,280,320,265
35.77864922040861,251,306,290
35.79177950308646,256,331,288
35.804909785764316,287,328,302
35.81804006844217,349,371,291
35.83117035112002,328,362,246
35.844300633797886,331,391,250
35.857430916475735,324,362,248
35.87056119915359,321,359,266
35.88369148183145,264,382,295
35.8968217645093,304,372,278
35.909952047187154,349,401,262
35.92308232986501,379,409,301
35.93621261254286,368,439,267
35.949342895220724,384,460,273
35.96247317789857,318,449,274
35.97560346057643,323,410,257
35.988733743254286,325,360,234
36.001864025932136,297,335,260
36.01499430860999,293,379,249
36.02812459128785,284,339,237
36.041254873965705,302,364,225
36.054385156643555,294,321,239
36.06751543932141,276,344,229
36.08064572199927,256,332,248
36.093776004677125,264,305,240
36.106906287354974,269,369,261
36.12003657003283,241,331,257
36.13316685271069,261,294,215
36.146297135388544,242,313,237
36.1594274180664,234,312,249
36.17255770074425,212,323,268
36.185687983422106,231,299,234
36.19881826609996,230,293,210
36.21194854877782,219,286,194
36.22507883145567,210,294,241
36.238209114133525,207,315,217
36.25133939681138,215,339,228
36.26446967948924,224,279,250
36.27759996216709,238,317,236
36.290730244844944,218,332,239
36.3038605275228,231,314,242
36.31699081020066,232,314,242
36.33012109287851,226,300,259
36.34325137555636,230,315,250
36.35638165823422,224,312,256
36.369511940912076,250,312,238
36.382642223589926,256,314,220
36.39577250626778,217,293,226
36.40890278894564,222,341,217
36.422033071623495,237,285,224
36.435163354301345,221,304,245
36.4482936369792,208,300,242
36.46142391965706,211,306,227
36.474554202334915,223,314,256
36.487684485012764,238,301,226
36.50081476769062,208,313,227
36.51394505036848,219,267,246
36.527075333046334,240,304,230
36.54020561572418,218,297,218
36.55333589840204,227,328,208
36.566466181079896,235,298,245
36.57959646375775,218,304,245
36.5927267464356,226,322,236
36.60585702911346,202,339,246
36.618987311791315,258,307,203
36.63211759446917,236,271,231
36.64524787714702,216,303,238
36.65837815982488,224,314,220
36.671508442502734,242,298,241
36.68463872518059,214,326,210
36.69776900785844,208,338,230
36.7108992905363,223,274,206
36.72402957321415,245,292,224
36.73715985589201,219,308,264
36.75029013856986,220,289,228
36.763420421247716,234,301,238
36.77655070392557,238,333,212
36.78968098660343,242,280,246
36.80281126928128,256,309,232
36.815941551959135,226,294,240
36.82907183463699,208,310,244
36.84220211731485,209,318,221
36.8553323999927,236,277,219
36.868462682670554,222,327,233
36.88159296534841,229,286,230
36.89472324802627,246,299,207
36.907853530704124,257,267,261
36.92098381338197,228,352,249
36.93411409605983,257,248,218
36.947244378737686,237,310,229
36.96037466141554,232,291,203
36.97350494409339,265,301,239
36.98663522677125,231,300,247
36.999765509449105,244,296,220
37.01289579212696,247,315,235
37.02602607480481,234,332,208
37.03915635748267,235,315,227
37.052286640160524,246,303,234
37.06541692283838,217,310,203
37.07854720551623,228,335,229
37.09167748819409,226,289,220
37.10480777087194,225,311,233
37.1179380535498,240,266,215
37.13106833622765,247,275,239
37.144198618905506,208,310,240
37.15732890158336,210,317,192
37.17045918426122,268,306,219
37.18358946693907,258,291,239
37.196719749616925,247,289,238
37.20985003229478,217,306,215
37.22298031497264,240,297,220
37.23611059765049,228,290,237
37.249240880328344,238,304,210
37.2623711630062,247,332,213
37.27550144568406,250,307,226
37.288631728361906,237,303,228
37.30176201103976,230,312,217
37.31489229371762,241,271,233
37.328022576395476,225,309,216
37.341152859073325,229,316,287
37.35428314175118,226,319,218
37.36741342442904,224,340,218
37.380543707106895,225,294,229
37.393673989784745,265,313,239
37.4068042724626,232,300,236
37.41993455514046,278,343,228
37.433064837818314,226,307,239
37.446195120496164,236,316,249
37.45932540317402,260,294,230
37.47245568585188,257,334,228
37.48558596852973,235,314,223
37.49871625120758,246,308,212
37.51184653388544,224,367,227
37.524976816563296,281,334,277
37.53810709924115,247,343,266
37.551237381919,320,341,263
37.56436766459686,311,374,308
37.577497947274715,354,458,279
37.59062822995257,465,458,245
37.60375851263042,484,511,287
37.61688879530828,615,635,235
37.630019077986134,636,719,250
37.64314936066399,571,607,251
37.65627964334185,470,513,260
37.669409926019696,375,433,234
37.68254020869755,343,413,226
37.69567049137541,415,432,260
37.708800774053266,431,488,272
37.721931056731115,482,496,276
37.73506133940897,428,448,231
37.74819162208683,365,444,215
37.761321904764685,303,332,218
37.774452187442535,281,334,238
37.78758247012039,263,336,216
37.80071275279825,226,319,219
37.813843035476104,236,286,218
37.826973318153954,234,302,210
37.84010360083181,235,307,201
37.85323388350967,219,318,219
37.86636416618752,202,317,223
37.87949444886537,245,294,224
37.89262473154323,230,288,218
37.905755014221086,197,304,229
37.91888529689894,213,285,214
37.93201557957679,236,304,216
37.94514586225465,233,293,200
37.958276144932505,228,292,242
37.97140642761036,243,318,224
37.98453671028821,213,293,242
37.99766699296607,209,291,205
38.010797275643924,214,267,221
38.02392755832178,200,310,203
38.03705784099963,233,278,194
38.050188123677486,190,301,204
38.06331840635534,223,300,207
38.0764486890332,224,284,207
38.08957897171105,195,274,199
38.102709254388905,214,318,232
38.11583953706676,219,312,192
38.12896981974462,197,273,206
38.14210010242247,199,337,224
38.155230385100324,211,292,190
38.16836066777818,218,304,212
38.18149095045604,277,308,240
38.19462123313389,256,270,223
38.207751515811744,239,361,204
38.2208817984896,271,346,203
38.23401208116746,301,378,209
38.247142363845306,278,376,202
38.26027264652316,343,390,238
38.27340292920102,323,398,207
38.286533211878876,325,428,216
38.299663494556725,297,354,232
38.31279377723458,276,347,220
38.32592405991244,302,340,217
38.339054342590295,309,406,199
38.352184625268144,318,354,230
38.365314907946,334,382,212
38.37844519062386,307,378,215
38.391575473301714,338,340,234
38.40470575597957,318,377,188
38.41783603865742,306,373,213
38.430966321335276,334,386,220
38.44409660401313,367,398,257
38.45722688669099,326,390,241
38.47035716936884,302,411,260
38.483487452046695,281,332,213
38.49661773472455,301,343,204
38.50974801740241,272,335,245
38.52287830008026,287,326,200
38.536008582758114,279,370,222
38.54913886543597,275,361,247
38.56226914811383,251,321,256
38.57539943079168,239,321,228
38.58852971346953,227,302,230
38.60165999614739,237,303,233
38.61479027882525,222,286,202
38.627920561503096,203,274,198
38.64105084418095,202,304,201
38.65418112685881,191,317,223
38.667311409536666,210,283,203
38.680441692214515,218,268,209
38.69357197489237,195,321,211
38.70670225757023,205,249,207
38.719832540248085,185,292,214
38.732962822925934,196,273,217
38.74609310560379,216,288,200
38.75922338828165,196,275,199
38.772353670959504,192,288,211
38.78548395363735,192,284,218
38.79861423631521,183,257,203
38.811744518993066,217,270,202
38.82487480167092,187,260,191
38.83800508434877,186,292,209
38.85113536702663,203,279,186
38.864265649704485,194,267,215
38.87739593238234,192,259,197
38.89052621506019,217,282,194
38.90365649773805,193,258,214
38.916786780415904,197,274,202
38.92991706309376,197,274,171
38.94304734577161,212,266,211
38.95617762844947,213,258,209
38.96930791112732,215,316,184
38.98243819380518,223,263,210
38.99556847648303,224,257,195
39.008698759160886,199,264,219
39.02182904183874,247,276,241
39.0349593245166,248,272,198
39.04808960719445,225,296,217
39.061219889872305,223,292,198
39.07435017255016,215,276,229
39.08748045522802,228,318,205
39.10061073790587,219,278,184
39.113741020583724,249,296,210
39.12687130326158,241,317,199
39.14000158593944,277,329,220
39.153131868617294,284,334,226
39.16626215129514,280,404,231
39.179392433973,319,397,198
39.192522716650856,332,421,206
39.20565299932871,340,392,190
39.21878328200656,285,346,235
39.23191356468442,304,328,217
39.245043847362275,257,332,204
39.25817413004013,270,353,231
39.27130441271798,279,358,185
39.28443469539584,283,323,229
39.297564978073694,262,360,188
39.31069526075155,260,349,201
39.3238255434294,247,329,199
39.33695582610726,246,278,218
39.35008610878511,210,281,201
39.36321639146297,212,275,187
39.37634667414082,215,268,200
39.389476956818676,200,283,202
39.40260723949653,191,269,223
39.41573752217439,182,280,191
39.42886780485224,157,260,207
39.441998087530095,201,280,203
39.45512837020795,200,240,225
39.46825865288581,191,263,215
39.48138893556366,193,293,180
39.494519218241514,199,276,195
39.50764950091937,197,240,190
39.52077978359723,159,245,223
39.53391006627508,196,245,198
39.54704034895293,221,279,200
39.56017063163079,182,256,211
39.573300914308646,180,285,200
39.586431196986496,219,279,210
39.59956147966435,174,266,200
39.61269176234221,195,264,208
39.625822045020065,170,257,206
39.638952327697915,219,261,216
39.65208261037577,194,273,212
39.66521289305363,195,278,177
39.678343175731484,198,250,214
39.691473458409334,186,229,218
39.70460374108719,181,243,180
39.71773402376505,182,259,202
39.7308643064429,161,293,212
39.74399458912075,174,264,185
39.75712487179861,182,244,206
39.770255154476466,191,267,194
39.78338543715432,214,238,196
39.79651571983217,190,270,185
39.80964600251003,191,259,213
39.822776285187885,202,262,181
39.83590656786574,204,258,199
39.84903685054359,202,238,197
39.86216713322145,189,271,191
39.875297415899304,196,258,156
39.88842769857716,230,240,204
39.90155798125502,198,292,182
39.91468826393287,210,267,184
39.92781854661072,200,272,189
39.94094882928858,202,260,220
39.954079111966436,202,276,189
39.967209394644286,207,293,200
39.98033967732214,217,288,194
39.99346996,194,256,230
